{
  "x-ms-vss-request-method": "POST",
  "x-ms-vss-request-url": "https://fabrikam:8080/RM/_apis/pipelines/checks/queryconfigurations",
  "parameters": {
    "body": [
      {
        "type": "queue",
        "id": "1",
        "name": "Default"
      },
      {
        "type": "environment",
        "id": "1",
        "name": "SampleEnv"
      }
    ],
    "api-version": "6.1-preview.1",
    "account": "fabrikam"
  },
  "responses": {
    "200": {
      "headers": {
        "request-Context": "appId=cid-v1:a892bfef-0287-4640-9f5e-cffc90fbcf94",
        "access-Control-Expose-Headers": "Request-Context"
      },
      "body": {
        "count": 12,
        "value": [
          {
            "createdBy": {
              "displayName": "User Name",
              "id": "3b3db741-9d03-4e32-a7c0-6c3dfc2013c1",
              "uniqueName": "uniqueName",
              "descriptor": "Descriptor"
            },
            "createdOn": "2020-11-19T11:21:11.1408948Z",
            "modifiedBy": {
              "displayName": "User Name",
              "id": "3b3db741-9d03-4e32-a7c0-6c3dfc2013c1",
              "uniqueName": "uniqueName",
              "descriptor": "Descriptor"
            },
            "modifiedOn": "2020-11-19T11:21:11.1408948Z",
            "timeout": 43200,
            "_links": {
              "self": {
                "href": "https://fabrikam:8080/d6b3e0ea-8197-4dec-831b-50e2e06ff95f/_apis/pipelines/checks/configurations/22"
              }
            },
            "id": 22,
            "type": {
              "id": "8c6f20a7-a545-4486-9777-f762fafe0d4d",
              "name": "Approval"
            },
            "url": "https://fabrikam:8080/d6b3e0ea-8197-4dec-831b-50e2e06ff95f/_apis/pipelines/checks/configurations/22",
            "resource": {
              "type": "queue",
              "id": "1",
              "name": "Default"
            }
          },
          {
            "createdBy": {
              "displayName": "User Name",
              "id": "3b3db741-9d03-4e32-a7c0-6c3dfc2013c1",
              "uniqueName": "uniqueName",
              "descriptor": "Descriptor"
            },
            "createdOn": "2020-11-19T11:21:11.312742Z",
            "modifiedBy": {
              "displayName": "User Name",
              "id": "3b3db741-9d03-4e32-a7c0-6c3dfc2013c1",
              "uniqueName": "uniqueName",
              "descriptor": "Descriptor"
            },
            "modifiedOn": "2020-11-19T11:52:52.3335458Z",
            "timeout": 43200,
            "_links": {
              "self": {
                "href": "https://fabrikam:8080/d6b3e0ea-8197-4dec-831b-50e2e06ff95f/_apis/pipelines/checks/configurations/23"
              }
            },
            "id": 23,
            "type": {
              "id": "fe1de3ee-a436-41b4-bb20-f6eb4cb879a7",
              "name": "Task Check"
            },
            "url": "https://fabrikam:8080/d6b3e0ea-8197-4dec-831b-50e2e06ff95f/_apis/pipelines/checks/configurations/23",
            "resource": {
              "type": "queue",
              "id": "1",
              "name": "Default"
            }
          },
          {
            "createdBy": {
              "displayName": "User Name",
              "id": "3b3db741-9d03-4e32-a7c0-6c3dfc2013c1",
              "uniqueName": "uniqueName",
              "descriptor": "Descriptor"
            },
            "createdOn": "2020-11-19T11:42:31.1912383Z",
            "modifiedBy": {
              "displayName": "User Name",
              "id": "3b3db741-9d03-4e32-a7c0-6c3dfc2013c1",
              "uniqueName": "uniqueName",
              "descriptor": "Descriptor"
            },
            "modifiedOn": "2020-11-19T11:42:31.1912383Z",
            "timeout": 43200,
            "_links": {
              "self": {
                "href": "https://fabrikam:8080/d6b3e0ea-8197-4dec-831b-50e2e06ff95f/_apis/pipelines/checks/configurations/24"
              }
            },
            "id": 24,
            "type": {
              "id": "8c6f20a7-a545-4486-9777-f762fafe0d4d",
              "name": "Approval"
            },
            "url": "https://fabrikam:8080/d6b3e0ea-8197-4dec-831b-50e2e06ff95f/_apis/pipelines/checks/configurations/24",
            "resource": {
              "type": "queue",
              "id": "1",
              "name": "Default"
            }
          },
          {
            "createdBy": {
              "displayName": "User Name",
              "id": "3b3db741-9d03-4e32-a7c0-6c3dfc2013c1",
              "uniqueName": "uniqueName",
              "descriptor": "Descriptor"
            },
            "createdOn": "2020-11-19T11:50:29.2550665Z",
            "modifiedBy": {
              "displayName": "User Name",
              "id": "3b3db741-9d03-4e32-a7c0-6c3dfc2013c1",
              "uniqueName": "uniqueName",
              "descriptor": "Descriptor"
            },
            "modifiedOn": "2020-11-19T12:26:25.7610862Z",
            "timeout": 43200,
            "_links": {
              "self": {
                "href": "https://fabrikam:8080/d6b3e0ea-8197-4dec-831b-50e2e06ff95f/_apis/pipelines/checks/configurations/27"
              }
            },
            "id": 27,
            "type": {
              "id": "fe1de3ee-a436-41b4-bb20-f6eb4cb879a7",
              "name": "Task Check"
            },
            "url": "https://fabrikam:8080/d6b3e0ea-8197-4dec-831b-50e2e06ff95f/_apis/pipelines/checks/configurations/27",
            "resource": {
              "type": "queue",
              "id": "1",
              "name": "Default"
            }
          },
          {
            "createdBy": {
              "displayName": "User Name",
              "id": "3b3db741-9d03-4e32-a7c0-6c3dfc2013c1",
              "uniqueName": "uniqueName",
              "descriptor": "Descriptor"
            },
            "createdOn": "2020-11-19T11:52:03.1146399Z",
            "modifiedBy": {
              "displayName": "User Name",
              "id": "3b3db741-9d03-4e32-a7c0-6c3dfc2013c1",
              "uniqueName": "uniqueName",
              "descriptor": "Descriptor"
            },
            "modifiedOn": "2020-11-19T11:52:03.1146399Z",
            "timeout": 43200,
            "_links": {
              "self": {
                "href": "https://fabrikam:8080/d6b3e0ea-8197-4dec-831b-50e2e06ff95f/_apis/pipelines/checks/configurations/28"
              }
            },
            "id": 28,
            "type": {
              "id": "8c6f20a7-a545-4486-9777-f762fafe0d4d",
              "name": "Approval"
            },
            "url": "https://fabrikam:8080/d6b3e0ea-8197-4dec-831b-50e2e06ff95f/_apis/pipelines/checks/configurations/28",
            "resource": {
              "type": "queue",
              "id": "1",
              "name": "Default"
            }
          },
          {
            "createdBy": {
              "displayName": "User Name",
              "id": "3b3db741-9d03-4e32-a7c0-6c3dfc2013c1",
              "uniqueName": "uniqueName",
              "descriptor": "Descriptor"
            },
            "createdOn": "2020-11-19T11:53:33.1149141Z",
            "modifiedBy": {
              "displayName": "User Name",
              "id": "3b3db741-9d03-4e32-a7c0-6c3dfc2013c1",
              "uniqueName": "uniqueName",
              "descriptor": "Descriptor"
            },
            "modifiedOn": "2020-11-19T11:53:33.1149141Z",
            "timeout": 43200,
            "_links": {
              "self": {
                "href": "https://fabrikam:8080/d6b3e0ea-8197-4dec-831b-50e2e06ff95f/_apis/pipelines/checks/configurations/30"
              }
            },
            "id": 30,
            "type": {
              "id": "8c6f20a7-a545-4486-9777-f762fafe0d4d",
              "name": "Approval"
            },
            "url": "https://fabrikam:8080/d6b3e0ea-8197-4dec-831b-50e2e06ff95f/_apis/pipelines/checks/configurations/30",
            "resource": {
              "type": "queue",
              "id": "1",
              "name": "Default"
            }
          },
          {
            "createdBy": {
              "displayName": "User Name",
              "id": "3b3db741-9d03-4e32-a7c0-6c3dfc2013c1",
              "uniqueName": "uniqueName",
              "descriptor": "Descriptor"
            },
            "createdOn": "2020-11-19T11:53:33.2555259Z",
            "modifiedBy": {
              "displayName": "User Name",
              "id": "3b3db741-9d03-4e32-a7c0-6c3dfc2013c1",
              "uniqueName": "uniqueName",
              "descriptor": "Descriptor"
            },
            "modifiedOn": "2020-11-19T11:53:33.2555259Z",
            "timeout": 43200,
            "_links": {
              "self": {
                "href": "https://fabrikam:8080/d6b3e0ea-8197-4dec-831b-50e2e06ff95f/_apis/pipelines/checks/configurations/31"
              }
            },
            "id": 31,
            "type": {
              "id": "fe1de3ee-a436-41b4-bb20-f6eb4cb879a7",
              "name": "Task Check"
            },
            "url": "https://fabrikam:8080/d6b3e0ea-8197-4dec-831b-50e2e06ff95f/_apis/pipelines/checks/configurations/31",
            "resource": {
              "type": "queue",
              "id": "1",
              "name": "Default"
            }
          },
          {
            "createdBy": {
              "displayName": "User Name",
              "id": "3b3db741-9d03-4e32-a7c0-6c3dfc2013c1",
              "uniqueName": "uniqueName",
              "descriptor": "Descriptor"
            },
            "createdOn": "2020-11-19T12:26:25.3548409Z",
            "modifiedBy": {
              "displayName": "User Name",
              "id": "3b3db741-9d03-4e32-a7c0-6c3dfc2013c1",
              "uniqueName": "uniqueName",
              "descriptor": "Descriptor"
            },
            "modifiedOn": "2020-11-19T12:26:25.3548409Z",
            "timeout": 43200,
            "_links": {
              "self": {
                "href": "https://fabrikam:8080/d6b3e0ea-8197-4dec-831b-50e2e06ff95f/_apis/pipelines/checks/configurations/32"
              }
            },
            "id": 32,
            "type": {
              "id": "8c6f20a7-a545-4486-9777-f762fafe0d4d",
              "name": "Approval"
            },
            "url": "https://fabrikam:8080/d6b3e0ea-8197-4dec-831b-50e2e06ff95f/_apis/pipelines/checks/configurations/32",
            "resource": {
              "type": "queue",
              "id": "1",
              "name": "Default"
            }
          },
          {
            "createdBy": {
              "displayName": "User Name",
              "id": "3b3db741-9d03-4e32-a7c0-6c3dfc2013c1",
              "uniqueName": "uniqueName",
              "descriptor": "Descriptor"
            },
            "createdOn": "2020-11-19T12:26:25.5267095Z",
            "modifiedBy": {
              "displayName": "User Name",
              "id": "3b3db741-9d03-4e32-a7c0-6c3dfc2013c1",
              "uniqueName": "uniqueName",
              "descriptor": "Descriptor"
            },
            "modifiedOn": "2020-11-19T12:26:25.5267095Z",
            "timeout": 43200,
            "_links": {
              "self": {
                "href": "https://fabrikam:8080/d6b3e0ea-8197-4dec-831b-50e2e06ff95f/_apis/pipelines/checks/configurations/33"
              }
            },
            "id": 33,
            "type": {
              "id": "fe1de3ee-a436-41b4-bb20-f6eb4cb879a7",
              "name": "Task Check"
            },
            "url": "https://fabrikam:8080/d6b3e0ea-8197-4dec-831b-50e2e06ff95f/_apis/pipelines/checks/configurations/33",
            "resource": {
              "type": "queue",
              "id": "1",
              "name": "Default"
            }
          },
          {
            "createdBy": {
              "displayName": "User Name",
              "id": "3b3db741-9d03-4e32-a7c0-6c3dfc2013c1",
              "uniqueName": "uniqueName",
              "descriptor": "Descriptor"
            },
            "createdOn": "2020-09-21T07:29:09.749198Z",
            "modifiedBy": {
              "displayName": "User Name",
              "id": "3b3db741-9d03-4e32-a7c0-6c3dfc2013c1",
              "uniqueName": "uniqueName",
              "descriptor": "Descriptor"
            },
            "modifiedOn": "2020-11-19T12:23:28.1356019Z",
            "timeout": 43200,
            "_links": {
              "self": {
                "href": "https://fabrikam:8080/d6b3e0ea-8197-4dec-831b-50e2e06ff95f/_apis/pipelines/checks/configurations/12"
              }
            },
            "id": 12,
            "type": {
              "id": "fe1de3ee-a436-41b4-bb20-f6eb4cb879a7",
              "name": "Task Check"
            },
            "url": "https://fabrikam:8080/d6b3e0ea-8197-4dec-831b-50e2e06ff95f/_apis/pipelines/checks/configurations/12",
            "resource": {
              "type": "environment",
              "id": "1",
              "name": "SampleEnv"
            }
          },
          {
            "createdBy": {
              "displayName": "User Name",
              "id": "3b3db741-9d03-4e32-a7c0-6c3dfc2013c1",
              "uniqueName": "uniqueName",
              "descriptor": "Descriptor"
            },
            "createdOn": "2020-09-30T12:46:12.6159149Z",
            "modifiedBy": {
              "displayName": "User Name",
              "id": "3b3db741-9d03-4e32-a7c0-6c3dfc2013c1",
              "uniqueName": "uniqueName",
              "descriptor": "Descriptor"
            },
            "modifiedOn": "2020-11-19T08:12:49.2665218Z",
            "timeout": 43200,
            "_links": {
              "self": {
                "href": "https://fabrikam:8080/d6b3e0ea-8197-4dec-831b-50e2e06ff95f/_apis/pipelines/checks/configurations/14"
              }
            },
            "id": 14,
            "type": {
              "id": "8c6f20a7-a545-4486-9777-f762fafe0d4d",
              "name": "Approval"
            },
            "url": "https://fabrikam:8080/d6b3e0ea-8197-4dec-831b-50e2e06ff95f/_apis/pipelines/checks/configurations/14",
            "resource": {
              "type": "environment",
              "id": "1",
              "name": "SampleEnv"
            }
          },
          {
            "createdBy": {
              "displayName": "User Name",
              "id": "3b3db741-9d03-4e32-a7c0-6c3dfc2013c1",
              "uniqueName": "uniqueName",
              "descriptor": "Descriptor"
            },
            "createdOn": "2020-11-19T10:28:46.4136508Z",
            "modifiedBy": {
              "displayName": "User Name",
              "id": "3b3db741-9d03-4e32-a7c0-6c3dfc2013c1",
              "uniqueName": "uniqueName",
              "descriptor": "Descriptor"
            },
            "modifiedOn": "2020-11-19T10:28:46.4136508Z",
            "timeout": 43200,
            "_links": {
              "self": {
                "href": "https://fabrikam:8080/d6b3e0ea-8197-4dec-831b-50e2e06ff95f/_apis/pipelines/checks/configurations/16"
              }
            },
            "id": 16,
            "type": {
              "id": "fe1de3ee-a436-41b4-bb20-f6eb4cb879a7",
              "name": "Task Check"
            },
            "url": "https://fabrikam:8080/d6b3e0ea-8197-4dec-831b-50e2e06ff95f/_apis/pipelines/checks/configurations/16",
            "resource": {
              "type": "environment",
              "id": "1",
              "name": "SampleEnv"
            }
          }
        ]
      }
    }
  },
  "x-ms-vss-generated": true,
  "x-ms-vss-generated-date": "2020-11-19T17:56:25.8063859+05:30",
  "x-ms-vss-format": 1,
  "x-ms-vss-area": "PipelinesChecks",
  "x-ms-vss-resource": "queryconfigurations"
}
