﻿{
  "swagger": "2.0",
  "info": {
    "title": "NuGet",
    "description": "",
    "termsOfService": "https://go.microsoft.com/fwlink/?LinkId=329770",
    "contact": {
      "name": "nugetvss",
      "email": "nugetvss@microsoft.com"
    },
    "license": {
      "name": "MICROSOFT SOFTWARE LICENSE TERMS",
      "url": "https://go.microsoft.com/fwlink/?LinkId=329770"
    },
    "version": "5.0-preview"
  },
  "host": "https://fabrikam-fiber-inc:8080/DefaultCollection",
  "x-ms-parameterized-host" : {
    "hostTemplate": "{instance}",
    "parameters": [
      {
        "name": "instance",
        "description": "Azure DevOps server name ({server:port})",
        "required": true,
        "type": "string",
        "in": "path"
      }
    ]
  },
  "x-ms-vss-area": "NuGet",
  "x-ms-vss-resource-area-id": "b3be7473-68ea-4a81-bfc7-9530baaa19ad",
  "basePath": "/",
  "tags": [
    {
      "name": "NuGet"
    }
  ],
  "schemes": [
    "https"
  ],
  "paths": {
    "/{collection}/_apis/packaging/feeds/{feedId}/nuget/packages/{packageName}/versions/{packageVersion}": {
      "delete": {
        "tags": [
          "NuGet"
        ],
        "x-ms-docs-override-version": "5.0-preview.1",
        "x-ms-vss-resource": "versions",
        "x-ms-vss-method": "DeletePackageVersion",
        "x-ms-preview": true,
        "description": "Send a package version from the feed to its paired recycle bin.",
        "operationId": "Delete Package Version",
        "produces": [
          "application/json"
        ],
        "parameters": [
          {
            "in": "path",
            "name": "collection",
            "description": "The name of the Azure DevOps collection.",
            "required": true,
            "type": "string"
          },
          {
            "in": "path",
            "name": "feedId",
            "description": "Name or ID of the feed.",
            "required": true,
            "type": "string"
          },
          {
            "in": "path",
            "name": "packageName",
            "description": "Name of the package to delete.",
            "required": true,
            "type": "string"
          },
          {
            "in": "path",
            "name": "packageVersion",
            "description": "Version of the package to delete.",
            "required": true,
            "type": "string"
          },
          {
            "$ref": "#/parameters/api-Version-preview.1"
          }
        ],
        "responses": {
          "200": {
            "description": "successful operation",
            "schema": {
              "$ref": "#/definitions/Package"
            }
          }
        },
        "security": [
          {
            "oauth2": [
              "vso.packaging_manage"
            ]
          }
        ]
      },
      "get": {
        "tags": [
          "NuGet"
        ],
        "x-ms-docs-override-version": "5.0-preview.1",
        "x-ms-vss-resource": "versions",
        "x-ms-vss-method": "GetPackageVersion",
        "x-ms-preview": true,
        "description": "Get information about a package version.",
        "operationId": "Get Package Version",
        "produces": [
          "application/json"
        ],
        "parameters": [
          {
            "in": "path",
            "name": "collection",
            "description": "The name of the Azure DevOps collection.",
            "required": true,
            "type": "string"
          },
          {
            "in": "path",
            "name": "feedId",
            "description": "Name or ID of the feed.",
            "required": true,
            "type": "string"
          },
          {
            "in": "path",
            "name": "packageName",
            "description": "Name of the package.",
            "required": true,
            "type": "string"
          },
          {
            "in": "path",
            "name": "packageVersion",
            "description": "Version of the package.",
            "required": true,
            "type": "string"
          },
          {
            "in": "query",
            "name": "showDeleted",
            "description": "True to include deleted packages in the response.",
            "required": false,
            "type": "boolean"
          },
          {
            "$ref": "#/parameters/api-Version-preview.1"
          }
        ],
        "responses": {
          "200": {
            "description": "successful operation",
            "schema": {
              "$ref": "#/definitions/Package"
            }
          }
        },
        "security": [
          {
            "oauth2": [
              "vso.packaging"
            ]
          }
        ]
      },
      "patch": {
        "tags": [
          "NuGet"
        ],
        "x-ms-docs-override-version": "5.0-preview.1",
        "x-ms-vss-resource": "versions",
        "x-ms-vss-method": "UpdatePackageVersion",
        "x-ms-preview": true,
        "description": "Set mutable state on a package version.",
        "operationId": "Update Package Version",
        "consumes": [
          "application/json"
        ],
        "parameters": [
          {
            "in": "path",
            "name": "collection",
            "description": "The name of the Azure DevOps collection.",
            "required": true,
            "type": "string"
          },
          {
            "in": "body",
            "name": "body",
            "description": "New state to apply to the referenced package.",
            "required": true,
            "schema": {
              "$ref": "#/definitions/PackageVersionDetails"
            }
          },
          {
            "in": "path",
            "name": "feedId",
            "description": "Name or ID of the feed.",
            "required": true,
            "type": "string"
          },
          {
            "in": "path",
            "name": "packageName",
            "description": "Name of the package to update.",
            "required": true,
            "type": "string"
          },
          {
            "in": "path",
            "name": "packageVersion",
            "description": "Version of the package to update.",
            "required": true,
            "type": "string"
          },
          {
            "$ref": "#/parameters/api-Version-preview.1"
          }
        ],
        "responses": {
          "200": {
            "description": "successful operation"
          }
        },
        "security": [
          {
            "oauth2": [
              "vso.packaging_manage"
            ]
          }
        ]
      }
    },
    "/{collection}/_apis/packaging/feeds/{feedId}/nuget/packages/{packageName}/versions/{packageVersion}/content": {
      "get": {
        "tags": [
          "NuGet"
        ],
        "x-ms-docs-override-version": "5.0-preview.1",
        "x-ms-vss-resource": "content",
        "x-ms-vss-method": "DownloadPackage",
        "x-ms-preview": true,
        "description": "Download a package version directly.  This API is intended for manual UI download options, not for programmatic access and scripting.  You may be heavily throttled if accessing this api for scripting purposes.",
        "operationId": "Download Package",
        "produces": [
          "application/json"
        ],
        "parameters": [
          {
            "in": "path",
            "name": "collection",
            "description": "The name of the Azure DevOps collection.",
            "required": true,
            "type": "string"
          },
          {
            "in": "path",
            "name": "feedId",
            "description": "Name or ID of the feed.",
            "required": true,
            "type": "string"
          },
          {
            "in": "path",
            "name": "packageName",
            "description": "Name of the package.",
            "required": true,
            "type": "string"
          },
          {
            "in": "path",
            "name": "packageVersion",
            "description": "Version of the package.",
            "required": true,
            "type": "string"
          },
          {
            "in": "query",
            "name": "sourceProtocolVersion",
            "description": "Unused",
            "required": false,
            "type": "string"
          },
          {
            "$ref": "#/parameters/api-Version-preview.1"
          }
        ],
        "responses": {
          "200": {
            "description": "successful operation",
            "schema": {
              "type": "string",
              "format": "Stream"
            }
          }
        },
        "security": [
          {
            "oauth2": [
              "vso.packaging"
            ]
          }
        ]
      }
    },
    "/{collection}/_apis/packaging/feeds/{feedId}/nuget/packagesbatch": {
      "post": {
        "tags": [
          "NuGet"
        ],
        "x-ms-docs-override-version": "5.0-preview.1",
        "x-ms-vss-resource": "packagesBatch",
        "x-ms-vss-method": "UpdatePackageVersions",
        "x-ms-preview": true,
        "description": "Update several packages from a single feed in a single request. The updates to the packages do not happen atomically.",
        "operationId": "Update Package Versions",
        "consumes": [
          "application/json"
        ],
        "parameters": [
          {
            "in": "path",
            "name": "collection",
            "description": "The name of the Azure DevOps collection.",
            "required": true,
            "type": "string"
          },
          {
            "in": "body",
            "name": "body",
            "description": "Information about the packages to update, the operation to perform, and its associated data.",
            "required": true,
            "schema": {
              "$ref": "#/definitions/NuGetPackagesBatchRequest"
            }
          },
          {
            "in": "path",
            "name": "feedId",
            "description": "Name or ID of the feed.",
            "required": true,
            "type": "string"
          },
          {
            "$ref": "#/parameters/api-Version-preview.1"
          }
        ],
        "responses": {
          "200": {
            "description": "successful operation"
          }
        },
        "security": [
          {
            "oauth2": [
              "vso.packaging_write"
            ]
          }
        ]
      }
    },
    "/{collection}/_apis/packaging/feeds/{feedId}/nuget/RecycleBin/packages/{packageName}/versions/{packageVersion}": {
      "delete": {
        "tags": [
          "NuGet"
        ],
        "x-ms-docs-override-version": "5.0-preview.1",
        "x-ms-vss-resource": "recycleBinVersions",
        "x-ms-vss-method": "DeletePackageVersionFromRecycleBin",
        "x-ms-preview": true,
        "description": "Delete a package version from a feed's recycle bin.",
        "operationId": "Delete Package Version From Recycle Bin",
        "parameters": [
          {
            "in": "path",
            "name": "collection",
            "description": "The name of the Azure DevOps collection.",
            "required": true,
            "type": "string"
          },
          {
            "in": "path",
            "name": "feedId",
            "description": "Name or ID of the feed.",
            "required": true,
            "type": "string"
          },
          {
            "in": "path",
            "name": "packageName",
            "description": "Name of the package.",
            "required": true,
            "type": "string"
          },
          {
            "in": "path",
            "name": "packageVersion",
            "description": "Version of the package.",
            "required": true,
            "type": "string"
          },
          {
            "$ref": "#/parameters/api-Version-preview.1"
          }
        ],
        "responses": {
          "200": {
            "description": "successful operation"
          }
        },
        "security": [
          {
            "oauth2": [
              "vso.packaging_manage"
            ]
          }
        ]
      },
      "get": {
        "tags": [
          "NuGet"
        ],
        "x-ms-docs-override-version": "5.0-preview.1",
        "x-ms-vss-resource": "recycleBinVersions",
        "x-ms-vss-method": "GetPackageVersionMetadataFromRecycleBin",
        "x-ms-preview": true,
        "description": "View a package version's deletion/recycled status",
        "operationId": "GetPackageVersionFromRecycleBin",
        "produces": [
          "application/json"
        ],
        "parameters": [
          {
            "in": "path",
            "name": "collection",
            "description": "The name of the Azure DevOps collection.",
            "required": true,
            "type": "string"
          },
          {
            "in": "path",
            "name": "feedId",
            "description": "Name or ID of the feed.",
            "required": true,
            "type": "string"
          },
          {
            "in": "path",
            "name": "packageName",
            "description": "Name of the package.",
            "required": true,
            "type": "string"
          },
          {
            "in": "path",
            "name": "packageVersion",
            "description": "Version of the package.",
            "required": true,
            "type": "string"
          },
          {
            "$ref": "#/parameters/api-Version-preview.1"
          }
        ],
        "responses": {
          "200": {
            "description": "successful operation",
            "schema": {
              "$ref": "#/definitions/NuGetPackageVersionDeletionState"
            }
          }
        },
        "security": [
          {
            "oauth2": [
              "vso.packaging"
            ]
          }
        ]
      },
      "patch": {
        "tags": [
          "NuGet"
        ],
        "x-ms-docs-override-version": "5.0-preview.1",
        "x-ms-vss-resource": "recycleBinVersions",
        "x-ms-vss-method": "RestorePackageVersionFromRecycleBin",
        "x-ms-preview": true,
        "description": "Restore a package version from a feed's recycle bin back into the active feed.",
        "operationId": "Restore Package Version From Recycle Bin",
        "consumes": [
          "application/json"
        ],
        "parameters": [
          {
            "in": "path",
            "name": "collection",
            "description": "The name of the Azure DevOps collection.",
            "required": true,
            "type": "string"
          },
          {
            "in": "body",
            "name": "body",
            "description": "Set the 'Deleted' member to 'false' to apply the restore operation",
            "required": true,
            "schema": {
              "$ref": "#/definitions/NuGetRecycleBinPackageVersionDetails"
            }
          },
          {
            "in": "path",
            "name": "feedId",
            "description": "Name or ID of the feed.",
            "required": true,
            "type": "string"
          },
          {
            "in": "path",
            "name": "packageName",
            "description": "Name of the package.",
            "required": true,
            "type": "string"
          },
          {
            "in": "path",
            "name": "packageVersion",
            "description": "Version of the package.",
            "required": true,
            "type": "string"
          },
          {
            "$ref": "#/parameters/api-Version-preview.1"
          }
        ],
        "responses": {
          "200": {
            "description": "successful operation"
          }
        },
        "security": [
          {
            "oauth2": [
              "vso.packaging_manage"
            ]
          }
        ]
      }
    }
  },
  "definitions": {
    "BatchListData": {
      "description": "Data required to unlist or relist multiple package versions. Pass this while performing NuGetBatchOperationTypes.List batch operation.",
      "type": "object",
      "allOf": [
        {
          "$ref": "#/definitions/BatchOperationData"
        }
      ],
      "properties": {
        "listed": {
          "description": "The desired listed status for the package versions.",
          "type": "boolean"
        }
      }
    },
    "BatchOperationData": {
      "description": "Do not attempt to use this type to create a new BatchOperationData. This type does not contain sufficient fields to create a new batch operation data.",
      "type": "object",
      "properties": {}
    },
    "JsonPatchOperation": {
      "description": "The JSON model for a JSON Patch operation",
      "type": "object",
      "properties": {
        "from": {
          "description": "The path to copy from for the Move/Copy operation.",
          "type": "string"
        },
        "op": {
          "description": "The patch operation",
          "enum": [
            "add",
            "remove",
            "replace",
            "move",
            "copy",
            "test"
          ],
          "x-ms-enum": {
            "name": "Operation",
            "values": [
              {
                "value": "add",
                "description": ""
              },
              {
                "value": "remove",
                "description": ""
              },
              {
                "value": "replace",
                "description": ""
              },
              {
                "value": "move",
                "description": ""
              },
              {
                "value": "copy",
                "description": ""
              },
              {
                "value": "test",
                "description": ""
              }
            ]
          }
        },
        "path": {
          "description": "The path for the operation",
          "type": "string"
        },
        "value": {
          "description": "The value for the operation. This is either a primitive or a JToken.",
          "type": "object"
        }
      }
    },
    "MinimalPackageDetails": {
      "description": "Minimal package details required to identify a package within a protocol.",
      "type": "object",
      "properties": {
        "id": {
          "description": "Package name.",
          "type": "string"
        },
        "version": {
          "description": "Package version.",
          "type": "string"
        }
      }
    },
    "NuGetPackagesBatchRequest": {
      "description": "A batch of operations to apply to package versions.",
      "type": "object",
      "properties": {
        "data": {
          "description": "Data required to perform the operation. This is optional based on the type of the operation. Use BatchPromoteData if performing a promote operation.",
          "$ref": "#/definitions/BatchOperationData"
        },
        "operation": {
          "description": "Type of operation that needs to be performed on packages.",
          "enum": [
            "promote",
            "list",
            "delete",
            "permanentDelete",
            "restoreToFeed"
          ],
          "x-ms-enum": {
            "name": "NuGetBatchOperationType",
            "values": [
              {
                "value": "promote",
                "description": "Promote package versions to a release view. If constructing a NuGetPackagesBatchRequest object with this type, use BatchPromoteData for its Data property. Not supported in the Recycle Bin."
              },
              {
                "value": "list",
                "description": "Unlist or relist package versions. Not supported in the Recycle Bin."
              },
              {
                "value": "delete",
                "description": "Move package versions to the feed's Recycle Bin. Not supported in the Recycle Bin."
              },
              {
                "value": "permanentDelete",
                "description": "Permanently delete package versions. Only supported in the Recycle Bin."
              },
              {
                "value": "restoreToFeed",
                "description": "Restore deleted package versions to the feed. Only supported in the Recycle Bin."
              }
            ]
          }
        },
        "packages": {
          "description": "The packages onto which the operation will be performed.",
          "type": "array",
          "items": {
            "$ref": "#/definitions/MinimalPackageDetails"
          }
        }
      }
    },
    "NuGetPackageVersionDeletionState": {
      "description": "Deletion state of a NuGet package.",
      "type": "object",
      "properties": {
        "deletedDate": {
          "description": "Utc date the package was deleted.",
          "type": "string",
          "format": "date-time"
        },
        "name": {
          "description": "Name of the package.",
          "type": "string"
        },
        "version": {
          "description": "Version of the package.",
          "type": "string"
        }
      }
    },
    "NuGetRecycleBinPackageVersionDetails": {
      "description": "",
      "type": "object",
      "properties": {
        "deleted": {
          "description": "Setting to false will undo earlier deletion and restore the package to feed.",
          "type": "boolean"
        }
      }
    },
    "Package": {
      "description": "Package version metadata for a NuGet package",
      "type": "object",
      "properties": {
        "_links": {
          "description": "Related REST links.",
          "$ref": "#/definitions/ReferenceLinks"
        },
        "deletedDate": {
          "description": "If and when the package was deleted.",
          "type": "string",
          "format": "date-time"
        },
        "id": {
          "description": "Package Id.",
          "type": "string"
        },
        "name": {
          "description": "The display name of the package.",
          "type": "string"
        },
        "permanentlyDeletedDate": {
          "description": "If and when the package was permanently deleted.",
          "type": "string",
          "format": "date-time"
        },
        "sourceChain": {
          "description": "The history of upstream sources for this package. The first source in the list is the immediate source from which this package was saved.",
          "type": "array",
          "items": {
            "$ref": "#/definitions/UpstreamSourceInfo"
          }
        },
        "version": {
          "description": "The version of the package.",
          "type": "string"
        }
      }
    },
    "PackageVersionDetails": {
      "description": "",
      "type": "object",
      "properties": {
        "listed": {
          "description": "Indicates the listing state of a package",
          "type": "boolean"
        },
        "views": {
          "description": "The view to which the package version will be added",
          "$ref": "#/definitions/JsonPatchOperation"
        }
      }
    },
    "ReferenceLinks": {
      "description": "The class to represent a collection of REST reference links.",
      "type": "object",
      "properties": {
        "links": {
          "description": "The readonly view of the links.  Because Reference links are readonly, we only want to expose them as read only.",
          "type": "object",
          "additionalProperties": {
            "type": "object"
          }
        }
      }
    },
    "UpstreamSourceInfo": {
      "description": "Upstream source definition, including its Identity, package type, and other associated information.",
      "type": "object",
      "properties": {
        "id": {
          "description": "Identity of the upstream source.",
          "type": "string",
          "format": "uuid"
        },
        "location": {
          "description": "Locator for connecting to the upstream source.",
          "type": "string"
        },
        "name": {
          "description": "Display name.",
          "type": "string"
        },
        "sourceType": {
          "description": "Source type, such as Public or Internal.",
          "enum": [
            "public",
            "internal"
          ],
          "x-ms-enum": {
            "name": "PackagingSourceType",
            "values": [
              {
                "value": "public",
                "description": "Publicly available source."
              },
              {
                "value": "internal",
                "description": "Azure DevOps upstream source."
              }
            ]
          }
        }
      }
    }
  },
  "parameters": {
    "api-Version-preview.1": {
      "name": "api-version",
      "in": "query",
      "description": "Version of the API to use.  This should be set to '5.0-preview.1' to use this version of the api.",
      "required": true,
      "type": "string"
    }
  },
  "securityDefinitions": {
    "accessToken": {
      "type": "basic",
      "description": "Personal access token. Use any value for the user name and the token as the password."
    },
    "oauth2": {
      "type": "oauth2",
      "flow": "accessCode",
      "authorizationUrl": "https://app.vssps.visualstudio.com/oauth2/authorize&response_type=Assertion",
      "tokenUrl": "https://app.vssps.visualstudio.com/oauth2/token?client_assertion_type=urn:ietf:params:oauth:client-assertion-type:jwt-bearer&grant_type=urn:ietf:params:oauth:grant-type:jwt-bearer",
      "scopes": {
        "vso.packaging": "Grants the ability to read feeds and packages.",
        "vso.packaging_manage": "Grants the ability to create, read, update, and delete feeds and packages.",
        "vso.packaging_write": "Grants the ability to create and read feeds and packages."
      }
    }
  },
  "security": [
    {
      "accessToken": []
    }
  ],
  "externalDocs": {
    "description": "Azure DevOps REST APIs",
    "url": "https://aka.ms/azure-devops-rest-apis"
  }
}