{
  "x-ms-vss-request-method": "GET",
  "x-ms-vss-request-url": "https://auditservice.dev.azure.com/fabrikam/_apis/audit/actions?areaName=Security",
  "parameters": {
    "areaName": "Security",
    "api-version": "5.2-preview.1",
    "account": "fabrikam"
  },
  "responses": {
    "200": {
      "headers": {},
      "body": {
        "count": 13,
        "value": [
          {
            "area": "Security",
            "category": "modify",
            "actionId": "Security.ModifyPermission"
          },
          {
            "area": "Security",
            "category": "modify",
            "actionId": "Security.ResetPermission"
          },
          {
            "area": "Security",
            "category": "remove",
            "actionId": "Security.RemovePermission"
          },
          {
            "area": "Security",
            "category": "modify",
            "actionId": "Security.ResetAccessControlLists"
          },
          {
            "area": "Security",
            "category": "modify",
            "actionId": "Security.ModifyAccessControlLists"
          },
          {
            "area": "Security",
            "category": "remove",
            "actionId": "Security.RemoveAccessControlLists"
          },
          {
            "area": "Security",
            "category": "remove",
            "actionId": "Security.RemoveIdentityACEs"
          },
          {
            "area": "Security",
            "category": "remove",
            "actionId": "Security.RemoveAllAccessControlLists"
          },
          {
            "area": "Security",
            "category": "create",
            "actionId": "Group.CreateGroups"
          },
          {
            "area": "Security",
            "category": "modify",
            "actionId": "Group.UpdateGroups.Modify"
          },
          {
            "area": "Security",
            "category": "remove",
            "actionId": "Group.UpdateGroups.Delete"
          },
          {
            "area": "Security",
            "category": "modify",
            "actionId": "Group.UpdateGroupMembership.Add"
          },
          {
            "area": "Security",
            "category": "modify",
            "actionId": "Group.UpdateGroupMembership.Remove"
          }
        ]
      }
    }
  },
  "x-ms-vss-generated": true,
  "x-ms-vss-generated-date": "2019-06-12T14:41:47.0545924-04:00",
  "x-ms-vss-format": 1,
  "x-ms-vss-area": "audit",
  "x-ms-vss-resource": "actions"
}