{
  "parameters": {
    "ownerId": "d6245f20-2af8-44f4-9451-8107cb2767db",
    "organization": "fabrikam"
  },
  "responses": {
    "200": {
      "body": {
        "count": 1,
        "value": [
          {
            "accountId": "bf83696f-383b-4980-95b5-1f1127640a8a",
            "accountUri": "https://NormalPaulk.vssps.visualstudio.com:443/",
            "accountName": "NormalPaulk",
            "properties": {}
          }
        ]
      }
    }
  },
  "x-ms-vss-migrated": true,
  "x-ms-vss-request-url": "https://app.vssps.visualstudio.com/_apis/Accounts?ownerId=d6245f20-2af8-44f4-9451-8107cb2767db&api-version=3.2-preview",
  "x-ms-vss-format": 2
}