{
  "parameters": {
    "projectId": "eb6e4656-77fc-42a1-9181-4c6d8e9da5d1",
    "teamId": "564e8204-a90b-4432-883b-d4363c6125ca",
    "collection": "fabrikam"
  },
  "responses": {
    "200": {
      "body": {
        "value": [
          {
            "isTeamAdmin": false,
            "identity": {
              "id": "3b5f0c34-4aec-4bf4-8708-1d36f0dbc468",
              "displayName": "Christie Church",
              "uniqueName": "fabrikamfiber1@hotmail.com",
              "url": "https://vssps.dev.azure.com/fabrikam/_apis/Identities/3b5f0c34-4aec-4bf4-8708-1d36f0dbc468",
              "imageUrl": "https://fabrikam:8080/_api/_common/identityImage?id=3b5f0c34-4aec-4bf4-8708-1d36f0dbc468"
            }
          },
          {
            "isTeamAdmin": false,
            "identity": {
              "id": "8c8c7d32-6b1b-47f4-b2e9-30b477b5ab3d",
              "displayName": "Chuck Reinhart",
              "uniqueName": "fabrikamfiber3@hotmail.com",
              "url": "https://vssps.dev.azure.com/fabrikam/_apis/Identities/8c8c7d32-6b1b-47f4-b2e9-30b477b5ab3d",
              "imageUrl": "https://fabrikam:8080/_api/_common/identityImage?id=8c8c7d32-6b1b-47f4-b2e9-30b477b5ab3d"
            }
          },
          {
            "isTeamAdmin": true,
            "identity": {
              "id": "19d9411e-9a34-45bb-b985-d24d9d87c0c9",
              "displayName": "Johnnie McLeod",
              "uniqueName": "fabrikamfiber2@hotmail.com",
              "url": "https://vssps.dev.azure.com/fabrikam/_apis/Identities/19d9411e-9a34-45bb-b985-d24d9d87c0c9",
              "imageUrl": "https://fabrikam:8080/_api/_common/identityImage?id=19d9411e-9a34-45bb-b985-d24d9d87c0c9"
            }
          }
        ],
        "count": 3
      }
    }
  },
  "x-ms-vss-migrated": true,
  "x-ms-vss-request-url": "https://fabrikam:8080/_apis/projects/eb6e4656-77fc-42a1-9181-4c6d8e9da5d1/teams/564e8204-a90b-4432-883b-d4363c6125ca/members/?api-version=2.2",
  "x-ms-vss-format": 2
}
