{
  "parameters": {
    "organization": "fabrikam"
  },
  "responses": {
    "200": {
      "body": {
        "widgetTypes": [
          {
            "typeId": "Microsoft.VSO.Dashboards.SprintBurndown",
            "name": "First Party Widget: Sprint Burndown",
            "previewImageUrl": "{{ServiceUrl \"00025394-6065-48CA-87D9-7F5672854EF7\" \"Application\"}}/_static/Widgets/sprintBurndownPreview.png",
            "description": "Used to show the sprint burndown",
            "isVisibleFromCatalog": true,
            "isEnabled": true,
            "contentUri": "_widgets/SprintBurndown",
            "allowedSizes": [
              {
                "rowSpan": 1,
                "columnSpan": 2
              }
            ],
            "contribution": {
              "extension": {
                "id": "46b71d63-f0e1-4176-b776-7957107f5436",
                "namespace": "dashboards.sprint-burndown V1",
                "version": "0.0.1",
                "name": "Sprint Burndown Widget",
                "description": "Shows the burndown for the current sprint",
                "provider": {
                  "name": "Microsoft",
                  "website": "https://www.microsoft.com"
                },
                "icon": "{{ServiceUrl \"00025394-6065-48CA-87D9-7F5672854EF7\" \"Application\"}}/_static/Widgets/sprintBurndownPreview.png",
                "contributions": {
                  "vs.Dashboards.web#widgets": [
                    {
                      "id": "Microsoft.VSO.Dashboards.SprintBurndown",
                      "name": "First Party Widget: Sprint Burndown",
                      "previewImageUrl": "{{ServiceUrl \"00025394-6065-48CA-87D9-7F5672854EF7\" \"Application\"}}/_static/Widgets/sprintBurndownPreview.png",
                      "description": "Used to show the sprint burndown",
                      "uri": "_widgets/SprintBurndown",
                      "supportedSizes": [
                        {
                          "rowSpan": 1,
                          "columnSpan": 2
                        }
                      ]
                    }
                  ]
                },
                "publishInfo": {
                  "store": {
                    "extensionStoreType": "builtIn",
                    "target": "0093aaee-9eff-4562-a0f2-8ea21a4cc590"
                  },
                  "ownerId": "6915b3ed-b527-4a61-812e-19d0629e2e08",
                  "lastUpdated": "2015-05-12T21:18:55.103Z"
                }
              },
              "point": {
                "extensionNamespace": "vs.Dashboards.web",
                "extensionRelativeId": "widgets",
                "id": "vs.Dashboards.web#widgets"
              },
              "properties": {
                "id": "Microsoft.VSO.Dashboards.SprintBurndown",
                "name": "First Party Widget: Sprint Burndown",
                "previewImageUrl": "{{ServiceUrl \"00025394-6065-48CA-87D9-7F5672854EF7\" \"Application\"}}/_static/Widgets/sprintBurndownPreview.png",
                "description": "Used to show the sprint burndown",
                "uri": "_widgets/SprintBurndown",
                "supportedSizes": [
                  {
                    "rowSpan": 1,
                    "columnSpan": 2
                  }
                ]
              }
            }
          },
          {
            "typeId": "Microsoft.VisualStudioOnline.Dashboards.VSLinks",
            "name": "VS Links Widget",
            "previewImageUrl": "{{ServiceUrl \"00025394-6065-48CA-87D9-7F5672854EF7\" \"Application\"}}_static/Widgets/vsLinksPreview.png",
            "description": "Shows 2 Visual Studio Links, one for download, the other to open VS.",
            "isVisibleFromCatalog": true,
            "isEnabled": true,
            "contentUri": "{{ServiceUrl \"00025394-6065-48CA-87D9-7F5672854EF7\" \"ProjectCollection\"}}{{project.name}}/_widgets/VSLinks",
            "allowedSizes": [
              {
                "rowSpan": 1,
                "columnSpan": 2
              }
            ],
            "contribution": {
              "extension": {
                "id": "249960d3-10c0-4b73-aa90-8af01d2fabc7",
                "namespace": "dashboards.vs-links",
                "version": "0.0.1",
                "name": "Visual Studio Links Widget",
                "description": "Shows 2 Visual Studio Links, one for download, the other to open VS",
                "provider": {
                  "name": "Microsoft",
                  "website": "https://www.microsoft.com"
                },
                "icon": "{{ServiceUrl \"00025394-6065-48CA-87D9-7F5672854EF7\" \"Application\"}}_static/Widgets/vsLinksPreview.png",
                "contributions": {
                  "vs.Dashboards.web#widget": [
                    {
                      "id": "Microsoft.VisualStudioOnline.Dashboards.VSLinks",
                      "name": "VS Links Widget",
                      "previewImageUrl": "{{ServiceUrl \"00025394-6065-48CA-87D9-7F5672854EF7\" \"Application\"}}_static/Widgets/vsLinksPreview.png",
                      "description": "Shows 2 Visual Studio Links, one for download, the other to open VS.",
                      "uri": "{{ServiceUrl \"00025394-6065-48CA-87D9-7F5672854EF7\" \"ProjectCollection\"}}{{project.name}}/_widgets/VSLinks",
                      "supportedSizes": [
                        {
                          "rowSpan": 1,
                          "columnSpan": 2
                        }
                      ]
                    }
                  ]
                },
                "publishInfo": {
                  "store": {
                    "extensionStoreType": "builtIn",
                    "target": "0093aaee-9eff-4562-a0f2-8ea21a4cc590"
                  },
                  "ownerId": "6915b3ed-b527-4a61-812e-19d0629e2e08",
                  "lastUpdated": "2015-05-12T21:18:55.6Z"
                }
              },
              "point": {
                "extensionNamespace": "vs.Dashboards.web",
                "extensionRelativeId": "widget",
                "id": "vs.Dashboards.web#widget"
              },
              "properties": {
                "id": "Microsoft.VisualStudioOnline.Dashboards.VSLinks",
                "name": "VS Links Widget",
                "previewImageUrl": "{{ServiceUrl \"00025394-6065-48CA-87D9-7F5672854EF7\" \"Application\"}}_static/Widgets/vsLinksPreview.png",
                "description": "Shows 2 Visual Studio Links, one for download, the other to open VS.",
                "uri": "{{ServiceUrl \"00025394-6065-48CA-87D9-7F5672854EF7\" \"ProjectCollection\"}}{{project.name}}/_widgets/VSLinks",
                "supportedSizes": [
                  {
                    "rowSpan": 1,
                    "columnSpan": 2
                  }
                ]
              }
            }
          },
          {
            "typeId": "Microsoft.VisualStudioOnline.Dashboards.TeamMembers",
            "name": "Team Members Widget",
            "previewImageUrl": "{{ServiceUrl \"00025394-6065-48CA-87D9-7F5672854EF7\" \"Application\"}}_static/Widgets/teamMembersPreview.png",
            "description": "Displays the number of team members for the project and a random assortment of team member profile pictures",
            "isVisibleFromCatalog": true,
            "isEnabled": true,
            "contentUri": "{{ServiceUrl \"00025394-6065-48CA-87D9-7F5672854EF7\" \"ProjectCollection\"}}{{project.name}}/_widgets/TeamMembers",
            "allowedSizes": [
              {
                "rowSpan": 1,
                "columnSpan": 2
              }
            ],
            "contribution": {
              "extension": {
                "id": "1da91185-b1cd-409a-af57-8e8d414014a1",
                "namespace": "dashboards.team-members",
                "version": "1.0.0",
                "name": "Team Members Widget",
                "description": "Displays the number of team members for the project and a random assortment of team member profile pictures",
                "provider": {
                  "name": "Microsoft",
                  "website": "https://www.microsoft.com"
                },
                "icon": "{{ServiceUrl \"00025394-6065-48CA-87D9-7F5672854EF7\" \"Application\"}}_static/Widgets/teamMembersPreview.png",
                "contributions": {
                  "vs.Dashboards.web#widget": [
                    {
                      "id": "Microsoft.VisualStudioOnline.Dashboards.TeamMembers",
                      "name": "Team Members Widget",
                      "previewImageUrl": "{{ServiceUrl \"00025394-6065-48CA-87D9-7F5672854EF7\" \"Application\"}}_static/Widgets/teamMembersPreview.png",
                      "description": "Displays the number of team members for the project and a random assortment of team member profile pictures",
                      "uri": "{{ServiceUrl \"00025394-6065-48CA-87D9-7F5672854EF7\" \"ProjectCollection\"}}{{project.name}}/_widgets/TeamMembers",
                      "supportedSizes": [
                        {
                          "rowSpan": 1,
                          "columnSpan": 2
                        }
                      ]
                    }
                  ]
                },
                "publishInfo": {
                  "store": {
                    "extensionStoreType": "builtIn",
                    "target": "0093aaee-9eff-4562-a0f2-8ea21a4cc590"
                  },
                  "ownerId": "6915b3ed-b527-4a61-812e-19d0629e2e08",
                  "lastUpdated": "2015-05-12T21:18:55.383Z"
                }
              },
              "point": {
                "extensionNamespace": "vs.Dashboards.web",
                "extensionRelativeId": "widget",
                "id": "vs.Dashboards.web#widget"
              },
              "properties": {
                "id": "Microsoft.VisualStudioOnline.Dashboards.TeamMembers",
                "name": "Team Members Widget",
                "previewImageUrl": "{{ServiceUrl \"00025394-6065-48CA-87D9-7F5672854EF7\" \"Application\"}}_static/Widgets/teamMembersPreview.png",
                "description": "Displays the number of team members for the project and a random assortment of team member profile pictures",
                "uri": "{{ServiceUrl \"00025394-6065-48CA-87D9-7F5672854EF7\" \"ProjectCollection\"}}{{project.name}}/_widgets/TeamMembers",
                "supportedSizes": [
                  {
                    "rowSpan": 1,
                    "columnSpan": 2
                  }
                ]
              }
            }
          },
          {
            "typeId": "Microsoft.VisualStudioOnline.Dashboards.OtherLinks",
            "name": "Other Links Widget",
            "previewImageUrl": "{{ServiceUrl \"00025394-6065-48CA-87D9-7F5672854EF7\" \"Application\"}}_static/Widgets/otherLinksPreview.png",
            "description": "Shows relavant links for the team.",
            "isVisibleFromCatalog": true,
            "isEnabled": true,
            "contentUri": "{{ServiceUrl \"00025394-6065-48CA-87D9-7F5672854EF7\" \"ProjectCollection\"}}{{project.name}}/_widgets/OtherLinks",
            "allowedSizes": [
              {
                "rowSpan": 1,
                "columnSpan": 2
              }
            ],
            "contribution": {
              "extension": {
                "id": "bfb0eae0-a71f-469d-a021-9e650546db6b",
                "namespace": "dashboards.other-links",
                "version": "0.0.1",
                "name": "Other Links Widget",
                "description": "Shows relavant links for the team",
                "provider": {
                  "name": "Microsoft",
                  "website": "https://www.microsoft.com"
                },
                "icon": "{{ServiceUrl \"00025394-6065-48CA-87D9-7F5672854EF7\" \"Application\"}}_static/Widgets/otherLinksPreview.png",
                "contributions": {
                  "vs.Dashboards.web#widget": [
                    {
                      "id": "Microsoft.VisualStudioOnline.Dashboards.OtherLinks",
                      "name": "Other Links Widget",
                      "previewImageUrl": "{{ServiceUrl \"00025394-6065-48CA-87D9-7F5672854EF7\" \"Application\"}}_static/Widgets/otherLinksPreview.png",
                      "description": "Shows relavant links for the team.",
                      "uri": "{{ServiceUrl \"00025394-6065-48CA-87D9-7F5672854EF7\" \"ProjectCollection\"}}{{project.name}}/_widgets/OtherLinks",
                      "supportedSizes": [
                        {
                          "rowSpan": 1,
                          "columnSpan": 2
                        }
                      ]
                    }
                  ]
                },
                "publishInfo": {
                  "store": {
                    "extensionStoreType": "builtIn",
                    "target": "0093aaee-9eff-4562-a0f2-8ea21a4cc590"
                  },
                  "ownerId": "6915b3ed-b527-4a61-812e-19d0629e2e08",
                  "lastUpdated": "2015-05-12T21:18:54.827Z"
                }
              },
              "point": {
                "extensionNamespace": "vs.Dashboards.web",
                "extensionRelativeId": "widget",
                "id": "vs.Dashboards.web#widget"
              },
              "properties": {
                "id": "Microsoft.VisualStudioOnline.Dashboards.OtherLinks",
                "name": "Other Links Widget",
                "previewImageUrl": "{{ServiceUrl \"00025394-6065-48CA-87D9-7F5672854EF7\" \"Application\"}}_static/Widgets/otherLinksPreview.png",
                "description": "Shows relavant links for the team.",
                "uri": "{{ServiceUrl \"00025394-6065-48CA-87D9-7F5672854EF7\" \"ProjectCollection\"}}{{project.name}}/_widgets/OtherLinks",
                "supportedSizes": [
                  {
                    "rowSpan": 1,
                    "columnSpan": 2
                  }
                ]
              }
            }
          },
          {
            "typeId": "Microsoft.VisualStudioOnline.Dashboards.TeamRoom",
            "name": "Team Room Widget",
            "previewImageUrl": "{{ServiceUrl \"00025394-6065-48CA-87D9-7F5672854EF7\" \"Application\"}}_static/Widgets/teamRoomPreview.png",
            "description": "Shows current team room status for all teams in the project",
            "isVisibleFromCatalog": true,
            "isEnabled": true,
            "contentUri": "{{ServiceUrl \"00025394-6065-48CA-87D9-7F5672854EF7\" \"ProjectCollection\"}}{{project.name}}/_widgets/TeamRoom",
            "allowedSizes": [
              {
                "rowSpan": 1,
                "columnSpan": 2
              }
            ],
            "contribution": {
              "extension": {
                "id": "dba5ed6b-10fe-4469-b1ea-bd57492cdcc7",
                "namespace": "dashboards.team-room",
                "version": "0.0.1",
                "name": "Team Room Widget",
                "description": "Shows current team room status for all teams in the project",
                "provider": {
                  "name": "Microsoft",
                  "website": "https://www.microsoft.com"
                },
                "icon": "{{ServiceUrl \"00025394-6065-48CA-87D9-7F5672854EF7\" \"Application\"}}_static/Widgets/teamRoomIcon.png",
                "contributions": {
                  "vs.Dashboards.web#widget": [
                    {
                      "id": "Microsoft.VisualStudioOnline.Dashboards.TeamRoom",
                      "name": "Team Room Widget",
                      "previewImageUrl": "{{ServiceUrl \"00025394-6065-48CA-87D9-7F5672854EF7\" \"Application\"}}_static/Widgets/teamRoomPreview.png",
                      "description": "Shows current team room status for all teams in the project",
                      "uri": "{{ServiceUrl \"00025394-6065-48CA-87D9-7F5672854EF7\" \"ProjectCollection\"}}{{project.name}}/_widgets/TeamRoom",
                      "supportedSizes": [
                        {
                          "rowSpan": 1,
                          "columnSpan": 2
                        }
                      ]
                    }
                  ]
                },
                "publishInfo": {
                  "store": {
                    "extensionStoreType": "builtIn",
                    "target": "0093aaee-9eff-4562-a0f2-8ea21a4cc590"
                  },
                  "ownerId": "6915b3ed-b527-4a61-812e-19d0629e2e08",
                  "lastUpdated": "2015-05-12T21:18:55.497Z"
                }
              },
              "point": {
                "extensionNamespace": "vs.Dashboards.web",
                "extensionRelativeId": "widget",
                "id": "vs.Dashboards.web#widget"
              },
              "properties": {
                "id": "Microsoft.VisualStudioOnline.Dashboards.TeamRoom",
                "name": "Team Room Widget",
                "previewImageUrl": "{{ServiceUrl \"00025394-6065-48CA-87D9-7F5672854EF7\" \"Application\"}}_static/Widgets/teamRoomPreview.png",
                "description": "Shows current team room status for all teams in the project",
                "uri": "{{ServiceUrl \"00025394-6065-48CA-87D9-7F5672854EF7\" \"ProjectCollection\"}}{{project.name}}/_widgets/TeamRoom",
                "supportedSizes": [
                  {
                    "rowSpan": 1,
                    "columnSpan": 2
                  }
                ]
              }
            }
          },
          {
            "typeId": "Microsoft.VisualStudioOnline.Dashboards.WorkLinksWidget",
            "name": "Work Links Widget",
            "previewImageUrl": "{{ServiceUrl \"00025394-6065-48CA-87D9-7F5672854EF7\" \"Application\"}}_static/Widgets/workLinksPreview.png",
            "description": "Display Work Links",
            "isVisibleFromCatalog": true,
            "isEnabled": true,
            "contentUri": "{{ServiceUrl \"00025394-6065-48CA-87D9-7F5672854EF7\" \"ProjectCollection\"}}{{project.name}}/_widgets/WorkLinks",
            "allowedSizes": [
              {
                "rowSpan": 1,
                "columnSpan": 2
              }
            ],
            "contribution": {
              "extension": {
                "id": "340a1bd5-9a00-4e05-a178-e48454e71107",
                "namespace": "dashboards.worklinks",
                "version": "0.0.1",
                "name": "Work Links Widget",
                "description": "Display Work Links",
                "provider": {
                  "name": "Microsoft",
                  "website": "https://www.microsoft.com"
                },
                "icon": "{{ServiceUrl \"00025394-6065-48CA-87D9-7F5672854EF7\" \"Application\"}}_static/Widgets/workLinksWidgetIcon.png",
                "contributions": {
                  "vs.Dashboards.web#widget": [
                    {
                      "id": "Microsoft.VisualStudioOnline.Dashboards.WorkLinksWidget",
                      "name": "Work Links Widget",
                      "previewImageUrl": "{{ServiceUrl \"00025394-6065-48CA-87D9-7F5672854EF7\" \"Application\"}}_static/Widgets/workLinksPreview.png",
                      "description": "Display Work Links",
                      "uri": "{{ServiceUrl \"00025394-6065-48CA-87D9-7F5672854EF7\" \"ProjectCollection\"}}{{project.name}}/_widgets/WorkLinks",
                      "isVisibleFromCatalog": true,
                      "supportedSizes": [
                        {
                          "rowSpan": 1,
                          "columnSpan": 2
                        }
                      ]
                    }
                  ]
                },
                "publishInfo": {
                  "store": {
                    "extensionStoreType": "builtIn",
                    "target": "0093aaee-9eff-4562-a0f2-8ea21a4cc590"
                  },
                  "ownerId": "6915b3ed-b527-4a61-812e-19d0629e2e08",
                  "lastUpdated": "2015-05-12T21:18:56.037Z"
                }
              },
              "point": {
                "extensionNamespace": "vs.Dashboards.web",
                "extensionRelativeId": "widget",
                "id": "vs.Dashboards.web#widget"
              },
              "properties": {
                "id": "Microsoft.VisualStudioOnline.Dashboards.WorkLinksWidget",
                "name": "Work Links Widget",
                "previewImageUrl": "{{ServiceUrl \"00025394-6065-48CA-87D9-7F5672854EF7\" \"Application\"}}_static/Widgets/workLinksPreview.png",
                "description": "Display Work Links",
                "uri": "{{ServiceUrl \"00025394-6065-48CA-87D9-7F5672854EF7\" \"ProjectCollection\"}}{{project.name}}/_widgets/WorkLinks",
                "isVisibleFromCatalog": true,
                "supportedSizes": [
                  {
                    "rowSpan": 1,
                    "columnSpan": 2
                  }
                ]
              }
            }
          },
          {
            "typeId": "Microsoft.VSO.Dashboards.SprintCapacity",
            "name": "First Party Widget: Sprint Capacity",
            "previewImageUrl": "{{ServiceUrl \"00025394-6065-48CA-87D9-7F5672854EF7\" \"Application\"}}/_static/Widgets/sprintCapacityPreview.png",
            "description": "Used to show the sprint capacity",
            "isVisibleFromCatalog": true,
            "isEnabled": true,
            "contentUri": "_widgets/SprintCapacity",
            "allowedSizes": [
              {
                "rowSpan": 1,
                "columnSpan": 2
              }
            ],
            "contribution": {
              "extension": {
                "id": "53169f02-a2d5-4ae1-8456-fde6c6a9118e",
                "namespace": "dashboards.sprint-capacity V1",
                "version": "0.0.1",
                "name": "Sprint Capacity Widget",
                "description": "Shows the capacity information, user story status in the current sprint",
                "provider": {
                  "name": "Microsoft",
                  "website": "https://www.microsoft.com"
                },
                "icon": "{{ServiceUrl \"00025394-6065-48CA-87D9-7F5672854EF7\" \"Application\"}}/_static/Widgets/sprintCapacityPreview.png",
                "contributions": {
                  "vs.Dashboards.web#widget": [
                    {
                      "id": "Microsoft.VSO.Dashboards.SprintCapacity",
                      "name": "First Party Widget: Sprint Capacity",
                      "previewImageUrl": "{{ServiceUrl \"00025394-6065-48CA-87D9-7F5672854EF7\" \"Application\"}}/_static/Widgets/sprintCapacityPreview.png",
                      "description": "Used to show the sprint capacity",
                      "uri": "_widgets/SprintCapacity",
                      "supportedSizes": [
                        {
                          "rowSpan": 1,
                          "columnSpan": 2
                        }
                      ]
                    }
                  ]
                },
                "publishInfo": {
                  "store": {
                    "extensionStoreType": "builtIn",
                    "target": "0093aaee-9eff-4562-a0f2-8ea21a4cc590"
                  },
                  "ownerId": "6915b3ed-b527-4a61-812e-19d0629e2e08",
                  "lastUpdated": "2015-05-12T21:18:55.193Z"
                }
              },
              "point": {
                "extensionNamespace": "vs.Dashboards.web",
                "extensionRelativeId": "widget",
                "id": "vs.Dashboards.web#widget"
              },
              "properties": {
                "id": "Microsoft.VSO.Dashboards.SprintCapacity",
                "name": "First Party Widget: Sprint Capacity",
                "previewImageUrl": "{{ServiceUrl \"00025394-6065-48CA-87D9-7F5672854EF7\" \"Application\"}}/_static/Widgets/sprintCapacityPreview.png",
                "description": "Used to show the sprint capacity",
                "uri": "_widgets/SprintCapacity",
                "supportedSizes": [
                  {
                    "rowSpan": 1,
                    "columnSpan": 2
                  }
                ]
              }
            }
          }
        ],
        "uri": "https://dev.azure.com/fabrikam/_apis/Dashboard/WidgetTypes"
      }
    }
  },
  "x-ms-vss-migrated": true,
  "x-ms-vss-request-url": "https://dev.azure.com/fabrikam/_apis/dashboard/WidgetTypes?api-version=1.0",
  "x-ms-vss-format": 2
}