{
  "parameters": {
    "projectId": "eb6e4656-77fc-42a1-9181-4c6d8e9da5d1",
    "teamId": "564e8204-a90b-4432-883b-d4363c6125ca",
    "organization": "fabrikam"
  },
  "responses": {
    "200": {
      "body": {
        "id": "564e8204-a90b-4432-883b-d4363c6125ca",
        "name": "Quality assurance",
        "url": "https://fabrikam:8080/tfs/_apis/projects/eb6e4656-77fc-42a1-9181-4c6d8e9da5d1/teams/564e8204-a90b-4432-883b-d4363c6125ca",
        "description": "Testing staff",
        "identityUrl": "https://fabrikam:8080/tfs/_apis/Identities/564e8204-a90b-4432-883b-d4363c6125ca"
      }
    }
  },
  "x-ms-vss-migrated": true,
  "x-ms-vss-request-url": "https://fabrikam:8080/tfs/_apis/projects/eb6e4656-77fc-42a1-9181-4c6d8e9da5d1/teams/564e8204-a90b-4432-883b-d4363c6125ca?api-version=2.2",
  "x-ms-vss-format": 2
}