{
  "parameters": {
    "projectId": "eb6e4656-77fc-42a1-9181-4c6d8e9da5d1",
    "collection": "fabrikam"
  },
  "responses": {
    "200": {
      "body": {
        "value": [
          {
            "id": "564e8204-a90b-4432-883b-d4363c6125ca",
            "name": "Quality assurance",
            "url": "https://fabrikam:8080/_apis/projects/eb6e4656-77fc-42a1-9181-4c6d8e9da5d1/teams/564e8204-a90b-4432-883b-d4363c6125ca",
            "description": "Testing staff",
            "identityUrl": "https://vssps.dev.azure.com/fabrikam/_apis/Identities/564e8204-a90b-4432-883b-d4363c6125ca"
          },
          {
            "id": "66df9be7-3586-467b-9c5f-425b29afedfd",
            "name": "Fabrikam-Fiber-TFVC Team",
            "url": "https://fabrikam:8080/_apis/projects/eb6e4656-77fc-42a1-9181-4c6d8e9da5d1/teams/66df9be7-3586-467b-9c5f-425b29afedfd",
            "description": "The default project team.",
            "identityUrl": "https://vssps.dev.azure.com/fabrikam/_apis/Identities/66df9be7-3586-467b-9c5f-425b29afedfd"
          }
        ],
        "count": 2
      }
    }
  },
  "x-ms-vss-migrated": true,
  "x-ms-vss-request-url": "https://fabrikam:8080/_apis/projects/eb6e4656-77fc-42a1-9181-4c6d8e9da5d1/teams?api-version=2.2",
  "x-ms-vss-format": 2
}
