{
  "parameters": {
    "projectId": "8e5a3cfb-fed3-46f3-8657-e3b175cd0305",
    "body": {
      "name": "My new team",
      "description": "Description of my team"
    },
    "collection": "fabrikam"
  },
  "responses": {
    "200": {
      "body": {
        "id": "8e8aa4ff-848a-474a-9033-93190137c8e4",
        "name": "My New Team",
        "url": "https://fabrikam:8080/_apis/projects/8e5a3cfb-fed3-46f3-8657-e3b175cd0305/teams/8e8aa4ff-848a-474a-9033-93190137c8e4",
        "description": "Description of my team",
        "identityUrl": "https://vssps.dev.azure.com/fabrikam/_apis/Identities/8e8aa4ff-848a-474a-9033-93190137c8e4"
      }
    }
  },
  "x-ms-vss-migrated": true,
  "x-ms-vss-request-url": "https://fabrikam:8080/_apis/projects/8e5a3cfb-fed3-46f3-8657-e3b175cd0305/teams?api-version=2.2",
  "x-ms-vss-format": 2
}
