{
  "x-ms-vss-request-method": "GET",
  "x-ms-vss-request-url": "https://fabrikam:8080/RM/_apis/pipelines/checks/configurations/16",
  "parameters": {
    "api-version": "6.1-preview.1",
    "account": "fabrikam"
  },
  "responses": {
    "200": {
      "headers": {
        "request-Context": "appId=cid-v1:a892bfef-0287-4640-9f5e-cffc90fbcf94",
        "access-Control-Expose-Headers": "Request-Context"
      },
      "body": {
        "createdBy": {
          "displayName": "User Name",
          "id": "3b3db741-9d03-4e32-a7c0-6c3dfc2013c1",
          "uniqueName": "uniqueName",
          "descriptor": "Descriptor"
        },
        "createdOn": "2020-11-19T10:28:46.4136508Z",
        "modifiedBy": {
          "displayName": "User Name",
          "id": "3b3db741-9d03-4e32-a7c0-6c3dfc2013c1",
          "uniqueName": "uniqueName",
          "descriptor": "Descriptor"
        },
        "modifiedOn": "2020-11-19T10:28:46.4136508Z",
        "timeout": 43200,
        "_links": {
          "self": {
            "href": "https://fabrikam:8080/d6b3e0ea-8197-4dec-831b-50e2e06ff95f/_apis/pipelines/checks/configurations/16"
          }
        },
        "id": 16,
        "type": {
          "id": "fe1de3ee-a436-41b4-bb20-f6eb4cb879a7",
          "name": "Task Check"
        },
        "url": "https://fabrikam:8080/d6b3e0ea-8197-4dec-831b-50e2e06ff95f/_apis/pipelines/checks/configurations/16",
        "resource": {
          "type": "environment",
          "id": "1",
          "name": "SampleEnv"
        }
      }
    }
  },
  "x-ms-vss-generated": true,
  "x-ms-vss-generated-date": "2020-11-19T17:12:31.3677419+05:30",
  "x-ms-vss-format": 1,
  "x-ms-vss-area": "PipelinesChecks",
  "x-ms-vss-resource": "configurations"
}
