{
  "x-ms-vss-request-method": "PATCH",
  "x-ms-vss-request-url": "https://fabrikam:8080/RM/_apis/pipelines/pipelinePermissions",
  "parameters": {
    "body": [
      {
        "resource": {
          "type": "queue",
          "id": "1",
          "name": "Default"
        },
        "pipelines": [
          {
            "id": 16,
            "authorized": true
          }
        ]
      },
      {
        "resource": {
          "type": "environment",
          "id": "1",
          "name": "SampleEnv"
        },
        "pipelines": [
          {
            "id": 16,
            "authorized": true
          }
        ]
      }
    ],
    "api-version": "6.1-preview.1",
    "account": "fabrikam"
  },
  "responses": {
    "200": {
      "headers": {
        "request-Context": "appId=cid-v1:a892bfef-0287-4640-9f5e-cffc90fbcf94",
        "access-Control-Expose-Headers": "Request-Context"
      },
      "body": {
        "count": 2,
        "value": [
          {
            "resource": {
              "type": "queue",
              "id": "1"
            },
            "pipelines": [
              {
                "id": 6,
                "authorized": true,
                "authorizedBy": {
                  "displayName": "User Name",
                  "id": "3b3db741-9d03-4e32-a7c0-6c3dfc2013c1",
                  "uniqueName": "uniqueName",
                  "descriptor": "Descriptor"
                },
                "authorizedOn": "2020-01-02T08:59:48.77Z"
              },
              {
                "id": 15,
                "authorized": true,
                "authorizedBy": {
                  "displayName": "User Name",
                  "id": "3b3db741-9d03-4e32-a7c0-6c3dfc2013c1",
                  "uniqueName": "uniqueName",
                  "descriptor": "Descriptor"
                },
                "authorizedOn": "2020-11-19T08:14:49.26Z"
              },
              {
                "id": 16,
                "authorized": true,
                "authorizedBy": {
                  "displayName": "User Name",
                  "id": "3b3db741-9d03-4e32-a7c0-6c3dfc2013c1",
                  "uniqueName": "uniqueName",
                  "descriptor": "Descriptor"
                },
                "authorizedOn": "2020-11-20T15:10:54.187Z"
              }
            ]
          },
          {
            "resource": {
              "type": "environment",
              "id": "1"
            },
            "pipelines": [
              {
                "id": 6,
                "authorized": true,
                "authorizedBy": {
                  "displayName": "User Name",
                  "id": "3b3db741-9d03-4e32-a7c0-6c3dfc2013c1",
                  "uniqueName": "uniqueName",
                  "descriptor": "Descriptor"
                },
                "authorizedOn": "2020-04-20T09:31:06.023Z"
              },
              {
                "id": 11,
                "authorized": true,
                "authorizedBy": {
                  "displayName": "User Name",
                  "id": "3b3db741-9d03-4e32-a7c0-6c3dfc2013c1",
                  "uniqueName": "uniqueName",
                  "descriptor": "Descriptor"
                },
                "authorizedOn": "2020-07-21T14:07:21.353Z"
              },
              {
                "id": 15,
                "authorized": true,
                "authorizedBy": {
                  "displayName": "User Name",
                  "id": "3b3db741-9d03-4e32-a7c0-6c3dfc2013c1",
                  "uniqueName": "uniqueName",
                  "descriptor": "Descriptor"
                },
                "authorizedOn": "2020-11-19T08:14:47.323Z"
              },
              {
                "id": 16,
                "authorized": true,
                "authorizedBy": {
                  "displayName": "User Name",
                  "id": "3b3db741-9d03-4e32-a7c0-6c3dfc2013c1",
                  "uniqueName": "uniqueName",
                  "descriptor": "Descriptor"
                },
                "authorizedOn": "2020-11-20T15:33:01.793Z"
              }
            ]
          }
        ]
      }
    }
  },
  "x-ms-vss-generated": true,
  "x-ms-vss-generated-date": "2020-11-20T21:03:01.7821988+05:30",
  "x-ms-vss-format": 1,
  "x-ms-vss-area": "pipelinePermissions",
  "x-ms-vss-resource": "pipelinePermissions"
}
