﻿{
  "swagger": "2.0",
  "info": {
    "title": "SBOM",
    "description": "",
    "termsOfService": "https://go.microsoft.com/fwlink/?LinkId=329770",
    "contact": {
      "name": "nugetvss",
      "email": "nugetvss@microsoft.com"
    },
    "license": {
      "name": "MICROSOFT SOFTWARE LICENSE TERMS",
      "url": "https://go.microsoft.com/fwlink/?LinkId=329770"
    },
    "version": "6.1-preview"
  },
  "host": "pkgs.dev.azure.com",
  "x-ms-vss-area": "SBOM",
  "x-ms-vss-resource-area-id": "2e504d18-2c0c-46f8-af8f-322d2af0068a",
  "basePath": "/",
  "tags": [],
  "schemes": [
    "https"
  ],
  "paths": {},
  "definitions": {
    "FileHash": {
      "description": "Used to provide the filename and hash of the SBOM file to be added to the catalog file.",
      "type": "object",
      "properties": {
        "fileName": {
          "description": "The filename of the SBOM.",
          "type": "string"
        },
        "hash": {
          "description": "The string hash of the SBOM file.",
          "type": "string"
        },
        "hashAlgorithmName": {
          "description": "The HashAlgorithmName used to generate the hash of the file.",
          "type": "string",
          "format": "HashAlgorithmName"
        }
      }
    },
    "SignResponseBase": {
      "description": "The base reponse object for all responses from the signing api.",
      "type": "object",
      "properties": {
        "customerCorrelationId": {
          "description": "The customer correlation id that is sent to ESRP for correlating the current request to ESRP.",
          "type": "string"
        },
        "errorInfo": {
          "description": "If this is an error response, it will have more information about the error.",
          "type": "string"
        },
        "result": {
          "description": "The result of the response.",
          "enum": [
            "success",
            "failure",
            "inProgress"
          ],
          "x-ms-enum": {
            "name": "Result",
            "values": [
              {
                "value": "success",
                "description": ""
              },
              {
                "value": "failure",
                "description": ""
              },
              {
                "value": "inProgress",
                "description": ""
              }
            ]
          }
        }
      }
    },
    "SignStatusResponse": {
      "description": "The response returned by the sign status api.",
      "type": "object",
      "allOf": [
        {
          "$ref": "#/definitions/SignResponseBase"
        }
      ],
      "properties": {
        "downloadUrl": {
          "description": "The pre-signed download url used to download the signed catalog file.",
          "type": "string"
        }
      }
    }
  },
  "parameters": {
    "api-Version-preview.1": {
      "name": "api-version",
      "in": "query",
      "description": "Version of the API to use.  This should be set to '6.1-preview.1' to use this version of the api.",
      "required": true,
      "type": "string"
    }
  },
  "securityDefinitions": {
    "accessToken": {
      "type": "basic",
      "description": "Personal access token. Use any value for the user name and the token as the password."
    }
  },
  "security": [
    {
      "accessToken": []
    }
  ],
  "externalDocs": {
    "description": "Azure DevOps REST APIs",
    "url": "https://aka.ms/azure-devops-rest-apis"
  }
}