{
  "build": {
    "content": [
      {
        "files": [
          "specification/**.json",
          "**/*.md"
        ],
        "exclude": [
          "**/obj/**",
          "vsts-rest-api-specs/**",
          "**/includes/**"
        ]
      }
    ],
    "resource": [
      {
        "files": [
          "**/*.png",
          "**/*.jpg"
        ],
        "exclude": [
          "**/obj/**",
          "vsts-rest-api-specs/**",
          "**/includes/**"
        ]
      }
    ],
    "overwrite": [],
    "externalReference": [],
    "globalMetadata": {},
    "fileMetadata": {},
    "template": [],
    "dest": "vsts-rest-api-specs"
  }
}
