{
  "parameters": {
    "body": {
      "name": "test",
      "position": 5,
      "widgets": [
        {
          "name": "Team Members renamed",
          "position": {
            "row": 2,
            "column": 2
          },
          "size": {
            "rowSpan": 1,
            "columnSpan": 2
          },
          "settings": null,
          "settingsVersion": {
            "major": 1,
            "minor": 0,
            "patch": 0
          },
          "contributionId": "ms.vss-dashboards-web.Microsoft.VisualStudioOnline.Dashboards.TeamMembersWidget"
        }
      ]
    },
    "organization": "fabrikam"
  },
  "responses": {
    "200": {
      "body": {
        "id": "29653dd2-c18a-4d19-8333-e556c5b8d025",
        "name": "test",
        "position": 5,
        "eTag": "1",
        "widgets": [
          {
            "name": "Team Members renamed",
            "position": {
              "row": 2,
              "column": 2
            },
            "size": {
              "rowSpan": 1,
              "columnSpan": 2
            },
            "settings": null,
            "settingsVersion": {
              "major": 1,
              "minor": 0,
              "patch": 0
            },
            "contributionId": "ms.vss-dashboards-web.Microsoft.VisualStudioOnline.Dashboards.TeamMembersWidget"
          }
        ],
        "url": "https://dev.azure.com/fabrikam/99755c45-cb33-4ab4-9f36-e5920cec7ba9/dc0d32d0-be95-4385-9df6-1176d698be22/_apis/Dashboard/Dashboards/29653dd2-c18a-4d19-8333-e556c5b8d025",
        "_links": {
          "self": {
            "href": "https://dev.azure.com/fabrikam/99755c45-cb33-4ab4-9f36-e5920cec7ba9/dc0d32d0-be95-4385-9df6-1176d698be22/_apis/Dashboard/Dashboards/29653dd2-c18a-4d19-8333-e556c5b8d025"
          },
          "group": {
            "href": "https://dev.azure.com/fabrikam/99755c45-cb33-4ab4-9f36-e5920cec7ba9/dc0d32d0-be95-4385-9df6-1176d698be22/_apis/Dashboard/Dashboards"
          },
          "widget": [
            {
              "href": "https://dev.azure.com/fabrikam/99755c45-cb33-4ab4-9f36-e5920cec7ba9/dc0d32d0-be95-4385-9df6-1176d698be22/_apis/Dashboard/dashboards/29653dd2-c18a-4d19-8333-e556c5b8d025/Widgets/456afb86-ecf6-49cf-bbcc-1ab7d0fc14b2"
            }
          ]
        }
      }
    }
  },
  "x-ms-vss-migrated": true,
  "x-ms-vss-request-url": "https://dev.azure.com/fabrikam/83e53972-81cd-434e-b15a-6fafcf405ac7/ac3cf153-3ae1-44ea-8663-e75006873f81/_apis/Dashboard/Dashboards/?api-version=3.0-preview.2",
  "x-ms-vss-format": 2
}