{
  "parameters": {
    "project": "Fabrikam-Fiber-Git",
    "groupId": "999EF3B4-93E1-4086-86C2-5E8BD24512C7",
    "dashboardId": "7562562a-4f9f-4258-94a9-b048b1c817cf",
    "body": {
      "widgets": []
    },
    "organization": "fabrikam"
  },
  "responses": {
    "200": {
      "body": {
        "widgets": [],
        "url": "https://dev.azure.com/fabrikam/Fabrikam-Fiber-Git/_apis/Dashboard/groups/999EF3B4-93E1-4086-86C2-5E8BD24512C7/Dashboards/7562562a-4f9f-4258-94a9-b048b1c817cf",
        "_links": {
          "self": {
            "href": "https://dev.azure.com/fabrikam/Fabrikam-Fiber-Git/_apis/Dashboard/groups/999EF3B4-93E1-4086-86C2-5E8BD24512C7/Dashboards/7562562a-4f9f-4258-94a9-b048b1c817cf"
          },
          "group": {
            "href": "https://dev.azure.com/fabrikam/Fabrikam-Fiber-Git/_apis/Dashboard/Groups/999ef3b4-93e1-4086-86c2-5e8bd24512c7"
          }
        },
        "id": "7562562a-4f9f-4258-94a9-b048b1c817cf",
        "name": "Dashboard98",
        "position": 2,
        "refreshInterval": 5
      }
    }
  },
  "x-ms-vss-migrated": true,
  "x-ms-vss-request-url": "https://dev.azure.com/fabrikam/Fabrikam-Fiber-Git/_apis/dashboard/groups/999EF3B4-93E1-4086-86C2-5E8BD24512C7/dashboards/7562562a-4f9f-4258-94a9-b048b1c817cf/?api-version=1.0",
  "x-ms-vss-format": 2
}