{
  "parameters": {
    "collection": "fabrikam"
  },
  "responses": {
    "200": {
      "body": {
        "count": 3,
        "value": [
          {
            "id": "eb6e4656-77fc-42a1-9181-4c6d8e9da5d1",
            "name": "Fabrikam-Fiber-TFVC",
            "description": "Team Foundation Version Control projects.",
            "url": "https://fabrikam:8080/tfs/_apis/projects/eb6e4656-77fc-42a1-9181-4c6d8e9da5d1",
            "state": "wellFormed"
          },
          {
            "id": "6ce954b1-ce1f-45d1-b94d-e6bf2464ba2c",
            "name": "Fabrikam-Fiber-Git",
            "description": "Git projects",
            "url": "https://fabrikam:8080/tfs/_apis/projects/6ce954b1-ce1f-45d1-b94d-e6bf2464ba2c",
            "state": "wellFormed"
          },
          {
            "id": "281f9a5b-af0d-49b4-a1df-fe6f5e5f84d0",
            "name": "TestGit",
            "url": "https://fabrikam:8080/tfs/_apis/projects/281f9a5b-af0d-49b4-a1df-fe6f5e5f84d0",
            "state": "wellFormed"
          }
        ]
      }
    }
  },
  "x-ms-vss-migrated": true,
  "x-ms-vss-request-url": "https://fabrikam:8080/tfs/_apis/projects?api-version=1.0",
  "x-ms-vss-format": 2
}