{
  "parameters": {
    "body": {
      "name": "FabrikamTravel",
      "description": "Frabrikam travel app for Windows Phone",
      "capabilities": {
        "versioncontrol": {
          "sourceControlType": "Git"
        },
        "processTemplate": {
          "templateTypeId": "6b724908-ef14-45cf-84f8-768b5384da45"
        }
      }
    },
    "collection": "fabrikam"
  },
  "responses": {
    "202": {
      "body": {
        "id": "066488b8-b14e-43d1-befc-a2e655266e2b",
        "status": "queued",
        "url": "https://fabrikam:8080/tfs/_apis/operations/066488b8-b14e-43d1-befc-a2e655266e2b"
      }
    }
  },
  "x-ms-vss-migrated": true,
  "x-ms-vss-request-url": "https://fabrikam:8080/tfs/_apis/projects?api-version=2.0-preview",
  "x-ms-vss-format": 2
}