{
  "x-ms-vss-request-method": "POST",
  "x-ms-vss-request-url": "https://auditservice.dev.azure.com/fabrikam/_apis/audit/streams?daysToBackfill=0",
  "parameters": {
    "body": {
      "consumerInputs": {
        "SplunkUrl": "https://input-prd-p-instance.cloud.splunk.com:8088",
        "SplunkEventCollectorToken": "E12761A9-3E0D-4DAD-B0AA-5521ECA292E1"
      },
      "consumerType": "Splunk"
    }
  },
  "responses": {
    "201": {
      "headers": {},
      "body": {
        "id": 1,
        "consumerType": "Splunk",
        "displayName": "https://input-prd-p-instance.cloud.splunk.com:8088",
        "consumerInputs": {
          "SplunkUrl": "https://input-prd-p-instance.cloud.splunk.com:8088",
          "SplunkEventCollectorToken": "************************"
        },
        "status": 1,
        "statusReason": null,
        "updatedTime": "\/Date(1565715592526)\/"
      }
    }
  },
  "x-ms-vss-generated": true,
  "x-ms-vss-generated-date": "2019-06-12T14:41:47.0545924-04:00",
  "x-ms-vss-format": 1,
  "x-ms-vss-area": "audit",
  "x-ms-vss-resource": "streams"
}