{
  "x-ms-vss-request-method": "PUT",
  "x-ms-vss-request-url": "https://auditservice.dev.azure.com/fabrikam/_apis/audit/streams/1?status=2",
  "parameters": {
    "body": { }
  },
  "responses": {
    "200": {
      "headers": {},
      "body": {
        "id": 1,
        "consumerType": "Splunk",
        "displayName": "https://input-prd-p-instance.cloud.splunk.com:8088",
        "consumerInputs": {
          "SplunkUrl": "https://input-prd-p-instance.cloud.splunk.com:8088",
          "SplunkEventCollectorToken": "************************"
        },
        "status": 2,
        "statusReason": null,
        "updatedTime": "\/Date(1565715592526)\/"
      }
    }
  },
  "x-ms-vss-generated": true,
  "x-ms-vss-generated-date": "2019-06-12T14:41:47.0545924-04:00",
  "x-ms-vss-format": 1,
  "x-ms-vss-area": "audit",
  "x-ms-vss-resource": "streams"
}