{
    "parameters": {
        "organization": "fabrikam"
    },
    "responses": {
        "200": {
            "body": {
                "count": 2,
                "value": [{
                        "id": "29653dd2-c18a-4d19-8333-e556c5b8d025",
                        "name": "Overview",
                        "refreshInterval": 0,
                        "position": 1,
                        "groupId": "091a34b6-9a63-40fd-acae-7716353dde05",
                        "ownerId": "091a34b6-9a63-40fd-acae-7716353dde05",
                        "dashboardScope": "project_Team",
                        "url": "https://dev.azure.com/fabrikam/99755c45-cb33-4ab4-9f36-e5920cec7ba9/_apis/Dashboard/Dashboards/29653dd2-c18a-4d19-8333-e556c5b8d025",
                        "_links": {
                            "self": {
                                "href": "https://dev.azure.com/fabrikam/99755c45-cb33-4ab4-9f36-e5920cec7ba9/_apis/Dashboard/Dashboards/29653dd2-c18a-4d19-8333-e556c5b8d025"
                            },
                            "group": {
                                "href": "https://dev.azure.com/fabrikam/99755c45-cb33-4ab4-9f36-e5920cec7ba9/_apis/Dashboard/Dashboards"
                            }
                        }
                    },
                    {
                        "id": "48ab8210-0463-48b7-aa0f-75d74fdfee95",
                        "name": "p2",
                        "refreshInterval": 0,
                        "position": 2,
                        "eTag": "1",
                        "ownerId": "99c3b95a-7504-4652-8609-59af5637d920",
                        "dashboardScope": "project",
                        "url": "https://dev.azure.com/fabrikam/99755c45-cb33-4ab4-9f36-e5920cec7ba9/_apis/Dashboard/Dashboards/ad633947-f99b-4813-bfc6-b67b7e687b0e",
                        "_links": {
                            "self": {
                                "href": "https://dev.azure.com/fabrikam/99755c45-cb33-4ab4-9f36-e5920cec7ba9/_apis/Dashboard/Dashboards/ad633947-f99b-4813-bfc6-b67b7e687b0e"
                            },
                            "group": {
                                "href": "https://dev.azure.com/fabrikam/99755c45-cb33-4ab4-9f36-e5920cec7ba9/_apis/Dashboard/Dashboards"
                            }
                        }
                    }
                ]
            }
        }
    },
    "x-ms-vss-migrated": true,
    "x-ms-vss-request-url": "https://dev.azure.com/fabrikam/83e53972-81cd-434e-b15a-6fafcf405ac7/_apis/Dashboard/Dashboards/?api-version=6.0-preview.3",
    "x-ms-vss-format": 2
}