{
  "x-ms-vss-request-method": "PATCH",
  "x-ms-vss-request-url": "https://fabrikam:8080/RM/_apis/pipelines/approvals",
  "parameters": {
    "body": [
      {
        "approvalId": "aab27959-a5be-4ee3-97ca-f19b3602cd2f",
        "comment": "Approving",
        "status": "approved"
      }
    ],
    "api-version": "6.1-preview.1",
    "account": "fabrikam"
  },
  "responses": {
    "200": {
      "headers": {
        "request-Context": "appId=cid-v1:a892bfef-0287-4640-9f5e-cffc90fbcf94",
        "access-Control-Expose-Headers": "Request-Context"
      },
      "body": {
        "count": 1,
        "value": [
          {
            "id": "aab27959-a5be-4ee3-97ca-f19b3602cd2f",
            "steps": [
              {
                "assignedApprover": {
                  "displayName": "User Name",
                  "id": "3b3db741-9d03-4e32-a7c0-6c3dfc2013c1",
                  "uniqueName": "uniqueName",
                  "descriptor": "Descriptor"
                },
                "actualApprover": {
                  "displayName": "User Name",
                  "id": "3b3db741-9d03-4e32-a7c0-6c3dfc2013c1",
                  "uniqueName": "uniqueName",
                  "descriptor": "Descriptor"
                },
                "status": "approved",
                "comment": "Approving",
                "lastModifiedOn": "2020-11-19T09:57:54.252505Z",
                "order": 1,
                "lastModifiedBy": {
                  "displayName": "User Name",
                  "id": "3b3db741-9d03-4e32-a7c0-6c3dfc2013c1",
                  "uniqueName": "uniqueName",
                  "descriptor": "Descriptor"
                },
                "initiatedOn": "2020-11-19T09:51:16.7045043Z",
                "history": []
              }
            ],
            "status": "approved",
            "createdOn": "2020-11-19T09:51:16.703Z",
            "lastModifiedOn": "2020-11-19T09:57:54.252505Z",
            "executionOrder": "anyOrder",
            "minRequiredApprovers": 1,
            "blockedApprovers": [],
            "_links": {
              "self": {
                "href": "https://fabrikam:8080/d6b3e0ea-8197-4dec-831b-50e2e06ff95f/_apis/pipelines/approvals/aab27959-a5be-4ee3-97ca-f19b3602cd2f"
              }
            }
          }
        ]
      }
    }
  },
  "x-ms-vss-generated": true,
  "x-ms-vss-generated-date": "2020-11-19T15:27:54.2557954+05:30",
  "x-ms-vss-format": 1,
  "x-ms-vss-area": "approval",
  "x-ms-vss-resource": "approvals"
}
