{
  "parameters": {
    "dashboardId": "e17c2ae9-c35c-4ddd-9d4b-6aa47aa4d01a",
    "organization": "fabrikam"
  },
  "responses": {
    "200": {
      "body": {
        "count": 8,
        "value": [
          {
            "id": "456afb86-ecf6-49cf-bbcc-1ab7d0fc14b2",
            "eTag": "2",
            "name": "Team Members",
            "position": {
              "row": 2,
              "column": 6
            },
            "size": {
              "rowSpan": 1,
              "columnSpan": 2
            },
            "settings": null,
            "settingsVersion": {
              "major": 1,
              "minor": 0,
              "patch": 0
            },
            "url": "https://dev.azure.com/fabrikam/99755c45-cb33-4ab4-9f36-e5920cec7ba9/dc0d32d0-be95-4385-9df6-1176d698be22/_apis/Dashboard/dashboards/29653dd2-c18a-4d19-8333-e556c5b8d025/Widgets/456afb86-ecf6-49cf-bbcc-1ab7d0fc14b2",
            "_links": {
              "self": {
                "href": "https://dev.azure.com/fabrikam/99755c45-cb33-4ab4-9f36-e5920cec7ba9/dc0d32d0-be95-4385-9df6-1176d698be22/_apis/Dashboard/dashboards/29653dd2-c18a-4d19-8333-e556c5b8d025/Widgets/456afb86-ecf6-49cf-bbcc-1ab7d0fc14b2"
              },
              "group": {
                "href": "https://dev.azure.com/fabrikam/99755c45-cb33-4ab4-9f36-e5920cec7ba9/dc0d32d0-be95-4385-9df6-1176d698be22/_apis/Dashboard/dashboards/29653dd2-c18a-4d19-8333-e556c5b8d025/Widgets/"
              },
              "dashboard": {
                "href": "https://dev.azure.com/fabrikam/99755c45-cb33-4ab4-9f36-e5920cec7ba9/dc0d32d0-be95-4385-9df6-1176d698be22/_apis/Dashboard/Dashboards/29653dd2-c18a-4d19-8333-e556c5b8d025"
              }
            },
            "contributionId": "ms.vss-dashboards-web.Microsoft.VisualStudioOnline.Dashboards.TeamMembersWidget"
          },
          {
            "id": "15baf28a-2745-46eb-9597-3d5e512798a1",
            "eTag": "1",
            "name": "New Work Item",
            "position": {
              "row": 3,
              "column": 3
            },
            "size": {
              "rowSpan": 1,
              "columnSpan": 2
            },
            "settings": null,
            "settingsVersion": {
              "major": 1,
              "minor": 0,
              "patch": 0
            },
            "url": "https://dev.azure.com/fabrikam/99755c45-cb33-4ab4-9f36-e5920cec7ba9/dc0d32d0-be95-4385-9df6-1176d698be22/_apis/Dashboard/dashboards/29653dd2-c18a-4d19-8333-e556c5b8d025/Widgets/15baf28a-2745-46eb-9597-3d5e512798a1",
            "_links": {
              "self": {
                "href": "https://dev.azure.com/fabrikam/99755c45-cb33-4ab4-9f36-e5920cec7ba9/dc0d32d0-be95-4385-9df6-1176d698be22/_apis/Dashboard/dashboards/29653dd2-c18a-4d19-8333-e556c5b8d025/Widgets/15baf28a-2745-46eb-9597-3d5e512798a1"
              },
              "group": {
                "href": "https://dev.azure.com/fabrikam/99755c45-cb33-4ab4-9f36-e5920cec7ba9/dc0d32d0-be95-4385-9df6-1176d698be22/_apis/Dashboard/dashboards/29653dd2-c18a-4d19-8333-e556c5b8d025/Widgets/"
              },
              "dashboard": {
                "href": "https://dev.azure.com/fabrikam/99755c45-cb33-4ab4-9f36-e5920cec7ba9/dc0d32d0-be95-4385-9df6-1176d698be22/_apis/Dashboard/Dashboards/29653dd2-c18a-4d19-8333-e556c5b8d025"
              }
            },
            "contributionId": "ms.vss-dashboards-web.Microsoft.VisualStudioOnline.Dashboards.NewWorkItemWidget"
          },
          {
            "id": "4b96050d-b065-4b68-9a38-4701aeca15f4",
            "eTag": "1",
            "name": "Open User Stories",
            "position": {
              "row": 3,
              "column": 5
            },
            "size": {
              "rowSpan": 1,
              "columnSpan": 1
            },
            "settings": "{\"queryId\":\"e98c0831-1acb-458e-b2ac-1e7f841e0007\", \"queryName\": \"Open User Stories\"}",
            "settingsVersion": {
              "major": 1,
              "minor": 0,
              "patch": 0
            },
            "url": "https://dev.azure.com/fabrikam/99755c45-cb33-4ab4-9f36-e5920cec7ba9/dc0d32d0-be95-4385-9df6-1176d698be22/_apis/Dashboard/dashboards/29653dd2-c18a-4d19-8333-e556c5b8d025/Widgets/4b96050d-b065-4b68-9a38-4701aeca15f4",
            "_links": {
              "self": {
                "href": "https://dev.azure.com/fabrikam/99755c45-cb33-4ab4-9f36-e5920cec7ba9/dc0d32d0-be95-4385-9df6-1176d698be22/_apis/Dashboard/dashboards/29653dd2-c18a-4d19-8333-e556c5b8d025/Widgets/4b96050d-b065-4b68-9a38-4701aeca15f4"
              },
              "group": {
                "href": "https://dev.azure.com/fabrikam/99755c45-cb33-4ab4-9f36-e5920cec7ba9/dc0d32d0-be95-4385-9df6-1176d698be22/_apis/Dashboard/dashboards/29653dd2-c18a-4d19-8333-e556c5b8d025/Widgets/"
              },
              "dashboard": {
                "href": "https://dev.azure.com/fabrikam/99755c45-cb33-4ab4-9f36-e5920cec7ba9/dc0d32d0-be95-4385-9df6-1176d698be22/_apis/Dashboard/Dashboards/29653dd2-c18a-4d19-8333-e556c5b8d025"
              }
            },
            "contributionId": "ms.vss-dashboards-web.Microsoft.VisualStudioOnline.Dashboards.QueryScalarWidget"
          },
          {
            "id": "1b124d3a-ebad-413a-aca4-af14f7af87b6",
            "eTag": "1",
            "name": "Sprint Burndown",
            "position": {
              "row": 3,
              "column": 1
            },
            "size": {
              "rowSpan": 1,
              "columnSpan": 2
            },
            "settings": null,
            "settingsVersion": {
              "major": 1,
              "minor": 0,
              "patch": 0
            },
            "url": "https://dev.azure.com/fabrikam/99755c45-cb33-4ab4-9f36-e5920cec7ba9/dc0d32d0-be95-4385-9df6-1176d698be22/_apis/Dashboard/dashboards/29653dd2-c18a-4d19-8333-e556c5b8d025/Widgets/1b124d3a-ebad-413a-aca4-af14f7af87b6",
            "_links": {
              "self": {
                "href": "https://dev.azure.com/fabrikam/99755c45-cb33-4ab4-9f36-e5920cec7ba9/dc0d32d0-be95-4385-9df6-1176d698be22/_apis/Dashboard/dashboards/29653dd2-c18a-4d19-8333-e556c5b8d025/Widgets/1b124d3a-ebad-413a-aca4-af14f7af87b6"
              },
              "group": {
                "href": "https://dev.azure.com/fabrikam/99755c45-cb33-4ab4-9f36-e5920cec7ba9/dc0d32d0-be95-4385-9df6-1176d698be22/_apis/Dashboard/dashboards/29653dd2-c18a-4d19-8333-e556c5b8d025/Widgets/"
              },
              "dashboard": {
                "href": "https://dev.azure.com/fabrikam/99755c45-cb33-4ab4-9f36-e5920cec7ba9/dc0d32d0-be95-4385-9df6-1176d698be22/_apis/Dashboard/Dashboards/29653dd2-c18a-4d19-8333-e556c5b8d025"
              }
            },
            "contributionId": "ms.vss-dashboards-web.Microsoft.VisualStudioOnline.Dashboards.SprintBurndownWidget"
          },
          {
            "id": "a5095720-c007-42df-8041-b50077b85313",
            "eTag": "1",
            "name": "Welcome",
            "position": {
              "row": 1,
              "column": 1
            },
            "size": {
              "rowSpan": 2,
              "columnSpan": 2
            },
            "settings": null,
            "settingsVersion": {
              "major": 1,
              "minor": 0,
              "patch": 0
            },
            "url": "https://dev.azure.com/fabrikam/99755c45-cb33-4ab4-9f36-e5920cec7ba9/dc0d32d0-be95-4385-9df6-1176d698be22/_apis/Dashboard/dashboards/29653dd2-c18a-4d19-8333-e556c5b8d025/Widgets/a5095720-c007-42df-8041-b50077b85313",
            "_links": {
              "self": {
                "href": "https://dev.azure.com/fabrikam/99755c45-cb33-4ab4-9f36-e5920cec7ba9/dc0d32d0-be95-4385-9df6-1176d698be22/_apis/Dashboard/dashboards/29653dd2-c18a-4d19-8333-e556c5b8d025/Widgets/a5095720-c007-42df-8041-b50077b85313"
              },
              "group": {
                "href": "https://dev.azure.com/fabrikam/99755c45-cb33-4ab4-9f36-e5920cec7ba9/dc0d32d0-be95-4385-9df6-1176d698be22/_apis/Dashboard/dashboards/29653dd2-c18a-4d19-8333-e556c5b8d025/Widgets/"
              },
              "dashboard": {
                "href": "https://dev.azure.com/fabrikam/99755c45-cb33-4ab4-9f36-e5920cec7ba9/dc0d32d0-be95-4385-9df6-1176d698be22/_apis/Dashboard/Dashboards/29653dd2-c18a-4d19-8333-e556c5b8d025"
              }
            },
            "contributionId": "ms.vss-dashboards-web.Microsoft.VisualStudioOnline.Dashboards.HowToLinksWidget"
          },
          {
            "id": "6bbef381-e10d-4cd1-884f-b7455acaae13",
            "eTag": "2",
            "name": "Visual Studio Shortcuts",
            "position": {
              "row": 1,
              "column": 7
            },
            "size": {
              "rowSpan": 1,
              "columnSpan": 2
            },
            "settings": null,
            "settingsVersion": {
              "major": 1,
              "minor": 0,
              "patch": 0
            },
            "url": "https://dev.azure.com/fabrikam/99755c45-cb33-4ab4-9f36-e5920cec7ba9/dc0d32d0-be95-4385-9df6-1176d698be22/_apis/Dashboard/dashboards/29653dd2-c18a-4d19-8333-e556c5b8d025/Widgets/6bbef381-e10d-4cd1-884f-b7455acaae13",
            "_links": {
              "self": {
                "href": "https://dev.azure.com/fabrikam/99755c45-cb33-4ab4-9f36-e5920cec7ba9/dc0d32d0-be95-4385-9df6-1176d698be22/_apis/Dashboard/dashboards/29653dd2-c18a-4d19-8333-e556c5b8d025/Widgets/6bbef381-e10d-4cd1-884f-b7455acaae13"
              },
              "group": {
                "href": "https://dev.azure.com/fabrikam/99755c45-cb33-4ab4-9f36-e5920cec7ba9/dc0d32d0-be95-4385-9df6-1176d698be22/_apis/Dashboard/dashboards/29653dd2-c18a-4d19-8333-e556c5b8d025/Widgets/"
              },
              "dashboard": {
                "href": "https://dev.azure.com/fabrikam/99755c45-cb33-4ab4-9f36-e5920cec7ba9/dc0d32d0-be95-4385-9df6-1176d698be22/_apis/Dashboard/Dashboards/29653dd2-c18a-4d19-8333-e556c5b8d025"
              }
            },
            "contributionId": "ms.vss-dashboards-web.Microsoft.VisualStudioOnline.Dashboards.VSLinksWidget"
          },
          {
            "id": "9dca1328-6811-4639-ba39-c20618731f73",
            "eTag": "1",
            "name": "Open User Stories",
            "position": {
              "row": 1,
              "column": 3
            },
            "size": {
              "rowSpan": 2,
              "columnSpan": 3
            },
            "settings": "{\"query\":{\"queryId\":\"e98c0831-1acb-458e-b2ac-1e7f841e0007\", \"queryName\": \"Open User Stories\"}}",
            "settingsVersion": {
              "major": 1,
              "minor": 0,
              "patch": 0
            },
            "url": "https://dev.azure.com/fabrikam/99755c45-cb33-4ab4-9f36-e5920cec7ba9/dc0d32d0-be95-4385-9df6-1176d698be22/_apis/Dashboard/dashboards/29653dd2-c18a-4d19-8333-e556c5b8d025/Widgets/9dca1328-6811-4639-ba39-c20618731f73",
            "_links": {
              "self": {
                "href": "https://dev.azure.com/fabrikam/99755c45-cb33-4ab4-9f36-e5920cec7ba9/dc0d32d0-be95-4385-9df6-1176d698be22/_apis/Dashboard/dashboards/29653dd2-c18a-4d19-8333-e556c5b8d025/Widgets/9dca1328-6811-4639-ba39-c20618731f73"
              },
              "group": {
                "href": "https://dev.azure.com/fabrikam/99755c45-cb33-4ab4-9f36-e5920cec7ba9/dc0d32d0-be95-4385-9df6-1176d698be22/_apis/Dashboard/dashboards/29653dd2-c18a-4d19-8333-e556c5b8d025/Widgets/"
              },
              "dashboard": {
                "href": "https://dev.azure.com/fabrikam/99755c45-cb33-4ab4-9f36-e5920cec7ba9/dc0d32d0-be95-4385-9df6-1176d698be22/_apis/Dashboard/Dashboards/29653dd2-c18a-4d19-8333-e556c5b8d025"
              }
            },
            "contributionId": "ms.vss-mywork-web.Microsoft.VisualStudioOnline.MyWork.WitViewWidget"
          },
          {
            "id": "5e419d89-3e9d-4cfd-a101-ffa5453e657c",
            "eTag": "2",
            "name": "Work Links",
            "position": {
              "row": 3,
              "column": 6
            },
            "size": {
              "rowSpan": 1,
              "columnSpan": 2
            },
            "settings": null,
            "settingsVersion": {
              "major": 1,
              "minor": 0,
              "patch": 0
            },
            "url": "https://dev.azure.com/fabrikam/99755c45-cb33-4ab4-9f36-e5920cec7ba9/dc0d32d0-be95-4385-9df6-1176d698be22/_apis/Dashboard/dashboards/29653dd2-c18a-4d19-8333-e556c5b8d025/Widgets/5e419d89-3e9d-4cfd-a101-ffa5453e657c",
            "_links": {
              "self": {
                "href": "https://dev.azure.com/fabrikam/99755c45-cb33-4ab4-9f36-e5920cec7ba9/dc0d32d0-be95-4385-9df6-1176d698be22/_apis/Dashboard/dashboards/29653dd2-c18a-4d19-8333-e556c5b8d025/Widgets/5e419d89-3e9d-4cfd-a101-ffa5453e657c"
              },
              "group": {
                "href": "https://dev.azure.com/fabrikam/99755c45-cb33-4ab4-9f36-e5920cec7ba9/dc0d32d0-be95-4385-9df6-1176d698be22/_apis/Dashboard/dashboards/29653dd2-c18a-4d19-8333-e556c5b8d025/Widgets/"
              },
              "dashboard": {
                "href": "https://dev.azure.com/fabrikam/99755c45-cb33-4ab4-9f36-e5920cec7ba9/dc0d32d0-be95-4385-9df6-1176d698be22/_apis/Dashboard/Dashboards/29653dd2-c18a-4d19-8333-e556c5b8d025"
              }
            },
            "contributionId": "ms.vss-dashboards-web.Microsoft.VisualStudioOnline.Dashboards.WorkLinksWidget"
          }
        ]
      }
    }
  },
  "x-ms-vss-migrated": true,
  "x-ms-vss-request-url": "https://dev.azure.com/fabrikam/6c9633e5-5633-4b1d-8081-02b35e39258e/8b69d2eb-2e18-4c75-a1ca-4c1820800e2e/_apis/Dashboard/Dashboards/e17c2ae9-c35c-4ddd-9d4b-6aa47aa4d01a/Widgets/?api-version=3.0-preview.2",
  "x-ms-vss-format": 2
}