{
  "parameters": {
    "dashboardId": "e17c2ae9-c35c-4ddd-9d4b-6aa47aa4d01a",
    "body": {
      "name": "Other Links",
      "position": {
        "row": 1,
        "column": 1
      },
      "size": {
        "rowSpan": 1,
        "columnSpan": 2
      },
      "settings": null,
      "settingsVersion": {
        "major": 1,
        "minor": 0,
        "patch": 0
      },
      "dashboard": {
        "eTag": "18"
      },
      "contributionId": "ms.vss-dashboards-web.Microsoft.VisualStudioOnline.Dashboards.OtherLinksWidget"
    },
    "organization": "fabrikam"
  },
  "responses": {
    "200": {
      "body": {
        "id": "69f6c5b7-0eb0-4067-b75f-6edff74d0fcf",
        "eTag": "1",
        "name": "Other Links",
        "position": {
          "row": 1,
          "column": 1
        },
        "size": {
          "rowSpan": 1,
          "columnSpan": 2
        },
        "settings": null,
        "settingsVersion": {
          "major": 1,
          "minor": 0,
          "patch": 0
        },
        "dashboard": {
          "eTag": "19"
        },
        "contributionId": "ms.vss-dashboards-web.Microsoft.VisualStudioOnline.Dashboards.OtherLinksWidget",
        "url": "https://dev.azure.com/fabrikam/6c9633e5-5633-4b1d-8081-02b35e39258e/8b69d2eb-2e18-4c75-a1ca-4c1820800e2e/_apis/Dashboard/Dashboards/e17c2ae9-c35c-4ddd-9d4b-6aa47aa4d01a/widgets/69f6c5b7-0eb0-4067-b75f-6edff74d0fcf",
        "_links": {
          "self": {
            "href": "https://dev.azure.com/fabrikam/6c9633e5-5633-4b1d-8081-02b35e39258e/8b69d2eb-2e18-4c75-a1ca-4c1820800e2e/_apis/Dashboard/Dashboards/e17c2ae9-c35c-4ddd-9d4b-6aa47aa4d01a/widgets/69f6c5b7-0eb0-4067-b75f-6edff74d0fcf"
          },
          "group": {
            "href": "https://dev.azure.com/fabrikam/6c9633e5-5633-4b1d-8081-02b35e39258e/8b69d2eb-2e18-4c75-a1ca-4c1820800e2e/_apis/Dashboard/Dashboards/e17c2ae9-c35c-4ddd-9d4b-6aa47aa4d01a/widgets"
          },
          "dashboard": {
            "href": "https://dev.azure.com/fabrikam/6c9633e5-5633-4b1d-8081-02b35e39258e/8b69d2eb-2e18-4c75-a1ca-4c1820800e2e/_apis/Dashboard/Dashboards/e17c2ae9-c35c-4ddd-9d4b-6aa47aa4d01a"
          }
        }
      }
    }
  },
  "x-ms-vss-migrated": true,
  "x-ms-vss-request-url": "https://dev.azure.com/fabrikam/6c9633e5-5633-4b1d-8081-02b35e39258e/8b69d2eb-2e18-4c75-a1ca-4c1820800e2e/_apis/Dashboard/Dashboards/e17c2ae9-c35c-4ddd-9d4b-6aa47aa4d01a/Widgets?api-version=3.0-preview.2",
  "x-ms-vss-format": 2
}